question,answer,category
I switched to a low carb diet and my glucose level rises too high 2-3 hours after eating. I need to gain weight but how do I do that without increasing my levels?,Perhaps you need to find a balance between adding back some of the healthy carbs you may have eliminated and whatever fat/proteins you are now eating. Having 5-6 small well balanced meals a day might work well for you as eating too much at a time can spike levels. Fats and proteins turn into sugar 2-4 hours after eating. Coconut oil works well for many and may help with weight gain without a huge spike. Track what you do for 3 months to see how things may be changing for you.,food-and-diet
"When my blood sugar goes up, is it measuring what I ate the previous day or the current day? What does my morning blood sugar number tell me? What does my evening blood sugar tell me?","Your evening blood sugar is going to reflect your daytime meals and activities including changes in routines and stress levels. Your morning numbers are a reflection of your nighttime eating plus nocturnal hormonal activity. Your morning blood sugar levels will be less impacted when you eat smaller, earlier evening meals.",food-and-diet
Does drinking alcohol raise or lower sugar levels?,"Alcohol can do both, depending on amounts and types. Moderate amounts of alcohol may increase levels, especially if they are higher carbohydrate drinks such as beer or sweeter mixed drinks. Too much alcohol can cause low blood sugar by suppressing the liver’s ability to release glucose into the bloodstream; the liver preferentially breaks down alcohol (treated like a fat) before other nutrients. It can take more than one hour to break down one drink.",food-and-diet
I wanted to try intermittent fasting to lose some weight but if I skip breakfast my sugar goes higher and higher to about 180 by lunch and as soon as I eat it drops way down to normal. Is this normal and should I continue to try to fast to lose weight?,"Your liver will send glucose into the bloodstream if it perceives that you are in a hunger state. With any “diet”, there are pros and cons and no one program is the answer for everyone. If you are not taking any medication, you may consider giving this a trial period to see if fat loss does happen for you, with better fasting levels surfacing after some time. If you are taking medication for diabetes, it may need to be evaluated for adjustment to better target the fasting levels. This would be a conversation with your physician.",food-and-diet
Is it true that drinking too much diet cola can affect my blood sugar?,"Yes, in that diet and regular colas/sodas are irritating to the gut area. When our GI tract is challenged by poorer food choices and stressful lifestyles, it can throw off our metabolism, contributing to poorer blood sugar control. An occasional diet soda is not the culprit. I find it even better to take 2-3 oz. of pure juice and dilute it with 5-6oz. of naturally flavored seltzer water if you crave the fizz. You can also add the seltzer water to a partial glass of soda if you are drinking them daily and find it difficult to quit. The goal would be to keep cutting back.",food-and-diet
"Should I use artificial sweeteners or real sugar in cooking, baking, etc?","Being healthy is much more than just sugar vs. sugar substitute; it involves taking a close look at your total lifestyle. In general, your food intake should consist of unrefined, whole foods, with an emphasis on vegetables. Starches should be kept to smaller portions. An active lifestyle is most important. As for sweeteners, stevia, in my opinion, would be a better choice. It is plant derived, not chemically altered.",food-and-diet
What is difference between white rice and brown rice? Can a diabetic take brown rice? Is there any difference in carb content?,"Brown rice has not been refined, so it contains a bit more fiber and nutrients. This means that brown rice may not be converted to sugar quite as quickly as white rice. Both brown and white rice have the same carbohydrate content at 15gm for 1/3cup. Testing your blood sugar one hour after your meal will let you know how you are responding. Mixing 2/3 cup of rice with a vegetable and protein source may be well tolerated.",food-and-diet
How many carbohydrates per meal or a day would be good for a diabetic?,"There is no one answer to your question; your meal program needs to be individualized to meet your needs. The best rule is to eat lots of veggies, fish like salmon or lean meats or poultry, 1-2 servings per meal of whole, unrefined carbs, while avoiding any refined, processed foods. This would be the equivalent of 15-30 grams of carbohydrate per meal.",food-and-diet
"I check my blood sugar when I wake up in the morning and it is around 180. For breakfast I ate one fried egg in olive oil, tomatoes and one slice of wheat toast with water. Two hours after breakfast, I checked my glucose levels and it goes up around 260. Why is it going up so high because after lunch it is back down?","Food will raise glucose levels after you eat, as digestion will convert 100% of carbohydrates to sugar within the hour (and approximately 60% of protein, and 12% of fat). Since your fasting levels were higher, what you experience is normal. As you burn up fuel during the day, your levels will decrease.",food-and-diet
I ate a normal sized meal followed by some candy. I took my blood sugar 20min later and it was at 76. I felt weak and “off” shortly after so I ate more sugar and tested in another 30 min my levels only rose slightly. It continued to stay under 90 Which I know is an okay level but I still feel sick and even more food or sugars won’t make it rise. 6hrs later it’s still in the low 70s.,"If you are taking medications for diabetes, it may be time to discuss with your physician about lowering your doses. Carbohydrates, especially simple carbs like candy will normally elevate you within 5-20 mins: 1 gm carb raises you 2-4 mg/dl. Complex carbs in a mixed meal will rise at a slower rate. For comparison, a slice of bread is generally 15 gm carbs. A non-diabetic will will generally not rise above 140 after meals. With diabetes, ceilings are often set higher, but a good goal is to be as close to a normal range as you can to avoid complications over the long haul. If you are not on medications, learning to eat for hypoglycemia would be important. You may also want to request a 2 hour Glucose Tolerance Test to see how your glucose responds at 30 minute intervals with a high dose of sugar syrup. 5-6 small meals with protein and healthy fats can often get this under control.",food-and-diet
Is there a certain amount of carbohydrates/sugar per day that I should adhere to? I have type 2 diabetes and I am overweight.,"This is not a question that can be neatly answered, as there are many variables: your body size, activity level, overall lifestyle to name a few. A general rule of thumb for overweight, moderately active females is an overall calorie level between 1400-1600 calories/day. Of course, this would be individualized. And of course, success would be achieved by making healthy food choices from whole, unrefined foods as much as possible. Nutritional supplementation may very well be needed. Exercise is a MUST. It would be most helpful for you to seek individual nutritional/diabetes counseling to help you get started.",food-and-diet
"I have been told that oatmeal is good for people with diabetes. However, when I eat a breakfast of 1/4 cup of uncooked oatmeal with or without berries and/or sliced almonds, my glucose spikes to about 230. How is this possible?","If your levels are elevated before breakfast, a rise within the first 30-60 minutes after eating carbs is expected. If your levels fall into a more normal range during the day and are only elevated fasting, you may want to consider eating a healthy protein/fat at breakfast instead since they have slower digestion times. If taking medication, it may help to adjust the timing to better target your fasting levels.",food-and-diet
"My blood sugar was 370 when I woke up. After a breakfast of oatmeal and a piece of whole grain toast, I just tested again it says 404! Shouldn't it have gone down?","Food elevates blood sugar after eating, then generally begins to lower during the day’s activities. Your meal of mostly carbs turns into glucose within the first hour post meal, showing an increase from pre-meal levels. If eating healthfully and just enough to meet your daily fuel needs, your activity during the day will help to burn up any excess fuel.",food-and-diet
"I purchased a sugar cane, about six feet in length, to cut open and suck out the juice. I am a diabetic. Will this cause a spike in my blood sugar?",Testing your blood sugars is one way to know if adding sugar cane juice affects your levels or not. Moderation is always a good plan with most foods. Your proof will be how your levels are and overall health.,food-and-diet
What can I do to gain weight without increasing my blood sugar levels?,"It is important for you to choose the right fats such as coconut oil, grape seed, and avocado. Each tablespoon of fat has 120-130 calories and can be increased to help raise your calories. This would mean also decreasing your overall carbs and eating those with higher fiber content. Eating smaller but more frequent meals may help with digestion. Often nutrition supplements are helpful to increase nutrient intake and absorption.",food-and-diet
"I am not diabetic but worry about it and the holidays are here. Is there a better time of day to binge eat on sugary foods, chocolates etc? Is binge eating bad things better than eating it all day long?","Hopefully you made it through the holidays without too much “sugar trauma”! Binge eating is relative to how a person normally eats. For someone who eats mostly unrefined foods, eating some cookies, candies, etc. in even moderate amounts may make them feel ‘hungover”. Try to never go to a party hungry where all you will be offered is sweets, etc. Bingeing before bedtime would be the worst, making for a fitful sleep. Best advice is to always spread the goodies out, giving your body a chance to process the sugars at a reasonable rate.",food-and-diet
"What coffee creamer is safe for type 2 diabetes? I used sugar free vanilla. Then took my blood sugar, it was 160.","You would first want to know your glucose level before taking the creamer for comparison. Coffee, especially caffeinated, may momentarily raise levels. Also, know that “sugar free” does not necessarily mean carbohydrate free. As always, the amount of anything you are ingesting needs to be considered so look to see the number of carbs in a serving of creamer and how many servings you are consuming. If you are tracking these numbers before any food eaten, follow the same pattern for few days and see if your numbers change.",food-and-diet
My husband with type 2 diabetes is trying to get his blood sugar down by eating a low carbohydrate diet and skipping lunch. He is having problems with an increased evening reading. Should he eat regular meals?,"Skipping meals can send glucose levels on a bit of a roller coaster ride. The liver can actually release too much glucose into the bloodstream when no food has been eaten, perceiving a “hunger” situation. He may be better off eating smaller meals with lower carb/healthy foods that will convert to glucose at a more reasonable rate, generally resulting in better levels.",food-and-diet
"Can a person respond differently to complex carbs vs. simple sugars? My husband has type 2 diabetes and I notice that when he eats foods with sugars, his blood sugars will escalate. However if he eats foods such as potatoes it may go up a little but nothing to be concerned about.","Starchy foods such as potatoes have some plant protein and some fiber that can help slow down how quickly they are converted into sugar. Sugary foods, especially juices, can affect blood sugar levels within 5 minutes. The best advice is to consume fewer carbs and primarily those from whole foods.",food-and-diet
I've been juicing to help increase my intake of fruits and vegetables but I wonder if I am drinking too much sugar this way.,"You may be raising your levels with too much juice, especially if you are using lots of fruit. For example, a small glass of orange juice may take 2-4 oranges depending on their size. One fruit serving is one small to medium orange or 15 grams of simple sugar so a glass of fruit juice can easily contain over 60 grams of sugar. Even though fruit juice is high in vitamins, it is still sugar to the body and challenges insulin output. Perhaps you should get a meter and check your blood sugar levels for a time to see how your current juices are affecting your levels.",food-and-diet
I currently enjoy wine with my dinner and wonder if I will have to give this up with the no sugar diet my doctor has placed me on.,"The most definitive way is to observe the effect on your own body; no two people will respond exactly the same. Do you test your blood sugars? If not, get a meter. You can test 1 hour or so after your meal with wine to see if you are over 140. Try the same meal test without the wine and see if there is a difference. If you are exercising and eating smaller meals with whole, unprocessed foods, your glass of wine may fit in just fine.",food-and-diet
"My A1C the last three years was 5.4, 5.5, and now 5.6. I practice 16:8 intermittent fasting daily, exercise 4 days/week (weight lifting), do not drink alcohol, less than 40% if daily calories from carbs. I feel like Im doing everything I can to control my sugar intake, but it seems to come up short. I have a glucose meter, and every morning my glucose level is between 100 and 117. My dad had T2D. Any suggestions? Keto diet perhaps? longer fasts?","With time, all our organs tend to operate less efficiently, particularly the liver. Its job of storing/breaking down glucose may not be as efficient, resulting in slightly higher levels. If you are taking medications, that can also have an impact. Since animal protein, especially red meat, can be tough on the liver, a 4:1 ratio of greens to meat may help to reduce potential inflammation. It will take experimentation because we are all so different in how we may respond. If you are otherwise quite healthy, continue what you are doing.",food-and-diet
Even whole grain foods like oatmeal cause my blood sugar levels to skyrocket. Should I still be eating them?,"There is no requirement that says you need to get your carbs from grains - no matter how wholesome. Focusing on high plant/veggie intake is the first best choice, adding legumes, then smaller amounts of fish and other ""flesh"" foods. If you enjoy eating grains, try working small amounts in around your exercise to see if you don't handle them a bit better. Whole grains, especially gluten-free grains, are nutrient dense and a good source of those much needed B vitamins.",food-and-diet
Which is a better way to eat for diabetes: moderate carbohydrate or very low amounts of carbohydrate?,"There is a balance with all of this somewhere in the middle of the plans you are mentioning. Certainly non-starchy veggies and fish as a ""flesh"" of choice are foods that will impact your glucose levels the least. Legumes and starchy veggies are positive foods for nutrient density and fiber, with whole grains in greater moderation following close behind. Refined carbs and even fruits impact levels the most. Testing your glucose at different times during the day will let you know how your foods are affecting your levels. The more nutrient dense your foods are, the better your overall health profile.",food-and-diet
I’ve had gastroparesis for years and I can’t find anything to eat that doesn’t cause my blood sugar to go crazy. What can I eat that I can digest without causing me pain?,"In general, foods need to put in a blender and be lower fiber as you probably know. I assume you are eating small, more frequent meals, giving your system opportunity to better digest. Blending vegetables into soups may be one way to increase nutrients. Aloe vera juice, starting with 2 oz. in water may alleviate some pain. Perhaps a nutritional shake will work mixed with water or non-dairy milks. Herbal digestive tea blends may help. If yogurt works for you, that may help with some probiotics.",food-and-diet
"My doctor put me on a 1200 calorie weight-loss diet, but it allows very little protein, and I find it hard to manage my appetite. For instance, I ate cold cereal for breakfast one morning, and after a very few hours I was shaky, sweaty etc. Is it OK to have more protein?","My first suggestion is to have protein in the morning such as eggs, as they seem to stabilize morning blood sugars very well. There are some medical researchers who feel that 20-30 grams of protein in the morning lends better stability to the thyroid, which in turn helps with more stable metabolism. 1200 calories may be too low for you and you may want to consult with a nutritionist who can calculate your needs based on all your conditions. Cravings do also often diminish. Eat high fiber foods, drink lots of water, and focus on eating veggies, legumes, and fish. Be patient, and in time, you'll learn what works for you.",food-and-diet
"A nutritionist informed me if you balance carbs with protein, the food doesn't turn to sugar as fast. My doctor never heard of this - is this something new?","Carbs and proteins are digested and metabolized and turned into blood sugar at different rates. Carbs, especially simple carbs, become sugar anywhere from 5 minutes to 30-60 minutes after eating. The higher the fiber, the slower the carbs turn to sugar. Protein begins breaking down into sugar about 2 hours after eating. When your starches and fruits are mixed with protein, they will take even longer to turn into sugar. Juice is almost always immediately turned to sugar, which is why we don't advise juice be in your food plan at all - or rarely. Getting the bulk of your carbs from veggies/whole grains/legumes is the best approach for including them in your meal plan without raising your glucose levels as quickly.",food-and-diet
If my blood sugar is high in the morning (say 150) can I have breakfast right away or should I wait until it goes down?,"Eat breakfast, but don’t have many carbs. An example may be an egg/cheese/lean breakfast meat on a slice of high fiber toast. Hold the fruit until later. The amount of food will depend on your size and intake fuel requirements. If you like plain yogurt or cottage cheese, this also can work. 30-45 grams of carbohydrates from higher fiber sources should be the maximum if you are a “medium” size person. And of course, be as active as you can. Watch your nighttime eating, and don’t eat a few hours before bed.",food-and-diet
Why does Chinese food cause my blood sugar to spike?,"The white rice alone is enough to spike glucose. 1/3 cup of white rice is equivalent to eating one slice of white bread, and it is very easy to eat 1 or more cups. Most sauces have significant amounts of oil, salt and/or sugar which can also increase blood sugar levels. Depending on what you order and how much you eat, it is not unheard of to reach a 1000 calorie meal. When ordering out, don’t be shy to ask what ingredients are in each dish. Your safest bet is to eat grilled, unrefined, fresh as possible foods. Be sure you are exercising, maybe more on those days you want to indulge a bit more.",food-and-diet
Why do I constantly crave sweets?,"Craving sweets is often because we are not eating in a good balance, usually consuming too many carbohydrates. Carbs don't stick around long after we eat them, so, if we do not eat a meal that has protein, some fat, and higher fiber carbs, our body will tell us it still needs fuel, and sweets are the quickest form of fuel we have, turning into sugar in our bloodstreams the fastest. And of course, staying active and exercising will help as well!",food-and-diet
I am curious about cottage cheese. Most books and websites say it is a good choice for people with type 2 diabetes but there are a few websites that warn about it. One says that people with diabetes should never eat it!,"Reactions with dairy are different for different people. Cottage cheese is a good source of protein and for many, does help with stabilizing glucose levels as opposed to a meal more carb focused, such as many cereals. Dairy, if eaten, is ideally ""organic"" and free of hormones. Fat free dairy will raise levels more quickly, as fat slows down the digestive rate. Cow dairy can cause gastrointestinal distress, mucous production, and even eczema for lactose deficient folks. Unpasteurized milk would be the healthiest, eaten in moderation, but is not generally available for many obvious reasons. Monitoring your overall health, glucose levels, and GI reactions to foods will assist in knowing if you can handle a certain class of foods.",food-and-diet
How much fruit am I allowed to eat?,"Meal planning with diabetes takes some patience and time. All refined carbohydrates, including fruit and fruit juices, can raise blood sugar very quickly. The best starting advice is that no one meal should be larger than the next, and to eat unrefined foods, especially lots of veggies. Two or three servings of fruits a day can usually work for many people, but not at the same time. A serving size is one small to medium piece of fruit. Your body size and activity levels have a lot to do with the amount of carbohydrates you can handle. Checking your blood sugars will let you know if you are on the right track.",food-and-diet
How long does it take after you eat for your food to break down and turn to sugar?,"Generally, carbs turn into sugar anywhere from 5 minutes to 2 hours, depending on the amount of fiber, liquids vs. solid, etc. in the food item. 60% of protein begins to turn into sugar 2-3 hours post meal, and 12% of the fat intake at 3-4 hours. Your own body's rate may be different.",food-and-diet
Is it safe for a pre diabetic to take coconut oil which contains medium chain triglycerides?,"Most definitely! Coconut oil/milk/water have many therapeutic properties which are now being more widely researched and accepted. Lauric acid, a medium chain triglyceride, is an important essential fatty acid found in coconut oil. These fatty acids may aid in increased metabolism and fat loss. As with any foods, one must check glucose levels to ascertain their effects. All fats have 135 calories per tablespoon, so quantity must still be a consideration.",food-and-diet
Is it safe to say that a diabetic can have any sugar-free food item?,"With any food, with or without sugar, it is the amount that is important. Be careful of the term ""sugar free"". Even foods that make this claim may still have calories or carbs. A light yogurt, for instance, has fewer carbs than a full flavored yogurt, but still has enough carbs to add up to a serving. It is important to read labels and pay attention to the amount of carbs in a food. Also, artificial sweeteners are not necessarily the benign substitutes we may think. They can send false signals to the brain that carbs are on the way down, so the body thinks that insulin needs to be released. Since no food comes, the insulin removes existing sugar left in the blood stream, which may lead to headaches and low blood sugar. This can also contribute to fatiguing the insulin producing cells of the pancreas. The best route is to eat unrefined foods as much as possible, monitor your blood sugars, and eat any artificial foods sparingly. Of course, staying very active is a key to successfully keeping the lid on rising sugars.",food-and-diet
What else can I eat for a high protein breakfast besides eggs? I am sick of them! I am on a no-grain diet and don't want to eat oats etc.,"Familiarize yourself with some sources of non-grain protein such as meats, poultry, fish, cheese, tofu, yogurt, legumes, and nut butters. Then determine what is palatable to you in the morning, and experiment with different combinations. Some folks eat chili or other bean/soup combos for breakfast. Eggs really do support the thyroid well in the morning. If this is a short run venture for you, I suggest you try to hang in with the eggs. If you are doing this longer term, you may consider some grain. Steel cut oats with nut butter can provide a good base. A very hearty whole grain bread with melted cheese or some form of a breakfast sandwich can be sustaining. There are meal replacement shakes, but one has to choose carefully for a balance, then also chew something to help stimulate the digestive track.",food-and-diet
"What is sugar alcohol? I noticed on a ""sugar free"" dark chocolate candy that alcohol sugar is present.","Sugar alcohols are by-products of sugars and starches that have been chemically derived in a lab and added to foods for added sweetness without the same effect on blood sugar levels. Some sugar alcohols are derived directly from plants. Sorbitol, mannitol and xilotol are three names that you'll often see in ""dietetic"" foods. They don't act like beer or wine on the brain, but can ferment in the gut and cause bloating, diarrhea or other GI related side effects. Because only part of the sugar is absorbed into the blood stream, they have a lower effect on blood sugar levels. They are also not as sweet as sucrose, our common table sugar. Consumed in small amounts these products may not have an effect. Just be aware of what effects can be if you start to experience any of them. That would be a sign to cut back or cut out that product. Also, remember that ""sugar free"" does not mean ""carbohydrate free""!",food-and-diet
"I have been experimenting with the Atkins diet. I haven't been eating more than 20g Carbohydrates per day for a week. I have been trying to avoid high fat foods, by eating lean meats, mostly chicken and pork, no beef. I'm eating some cheese, but not that much per day to be considered high fat. I'm eating about two cups a day of lettuce, with some cucumber and celery. If I have really been working at avoiding all sugar and my intake of carbs is very low, why am I still having blood sugar issues?","I would advise you to downsize the high protein and dramatically increase the veggie side of life. Veggies are carbs, but the kind that can reduce some of the high acid load generated by the proteins. Large intakes of protein can show up as high glucose levels up to 48 hours later, depending on the type and amount of protein. Protein takes longer to digest, and high protein intakes are low in fiber, meaning that a sluggish colon can result. The carbs to limit are the starches, especially the refined ones. Avoid those for a time, eat lots of high water veggies and some legumes, and see if your numbers improve. You will feel better and ultimately have better energy.",food-and-diet
My husband is taking a whey protein supplement in the mornings because he doesn't eat enough protein at breakfast time. His glucose levels have been pretty high about 2-3 hours later. Does whey protein interfere with Humulin N?,"Look at the carb content of the whey protein, as I'm assuming it is flavored. Include the carb content of milk, if that is what he is mixing it in. The whey protein doesn't interfere with insulin per se, but the entire drink may not have enough coverage of insulin. Protein is converted into glucose at about 60% 2-3 hours after eating. He is better off with a drink that is balanced with carbs, protein, fat if he is not eating food and using this drink as a meal replacement. Eating a piece of high fiber toast along with the drink may slow down the rate of absorption. Of course, eating a morning meal that includes such foods as eggs, for those who eat them, should have less of an impact on sugar levels.",food-and-diet
Does using coconut oil help diabetes?,"Coconut oil is a ""good"" fat, not the ""bad"" fat it is often depicted as. It appears saturated because it is solid at room temperature, but it does melt fairly easily. It has a supportive effect on the liver, and metabolizes a bit differently than butter. However, all fat, regardless of whether saturated, unsaturated, or monounsaturated is 135 calories per tablespoon so should be used sparingly when watching one's weight and/or blood sugar numbers.",food-and-diet
On a TV commercial I saw an advertisement that stated there was benefit to a person with type 2 diabetes if she drank a glass of red wine daily. Is this true?,"Red wine has substances that fall into the antioxidant category that have shown in one study to reduce the oxidative stress on type 2 subjects two hours after a meal. This means less stress on the vascular system, the goal in order to reduce the climate for complications. There are many ways to achieve this same goal, so if you are not a wine drinker, no need to become one! Alcohol has its negatives. If you do enjoy wine, then by all means go for the red, as it is many times more potent in the antioxidant category than white. This is all assuming that your glucose is in good control to begin with - a caution when drinking any alcohol, especially if you are taking oral medications.",food-and-diet
How much protein do I need to eat every day?,"A general rule of thumb is .8 gm of protein for each kg of body weight; 1.0 gm of protein per kg for vegetarians for healthy maintenance. Body builders and elite athletes may require more. Your main dietary focus should be unrefined foods, lots of veggies, and fish as a ""flesh"" of choice for accelerated body composition changes. Fish is also easier on the digestive system. Whole grains and plant foods contribute a vegetable protein source. 3 ounces of meat/poultry is considered a serving.",food-and-diet
"If I am on a low carb (Atkins) diet, and in ketosis, do I need to worry about my blood sugar?","Ketosis is not a good long term fuel source. Ketones if built up too rapidly are toxic. What I suggest is lots of veggies and include legumes for your carb sources and do not eat large protein portions at any one time. A well portioned salad would be something like 4 oz. or so of salmon on 4 cups lettuce and very light dressing. This helps to maintain an acid/alkaline balance. I am in favor of eggs for breakfast as they seem to stabilize well. Red meat is best kept to 3 oz. servings, depending on your size. Stir-fry is a good way to prepare red meat, of course adding lots of veggies as well. High protein is tougher on the kidneys, and with diabetes, it may invite other conditions, like gout. Your heart and brain prefer running on carb fuel sources since they are a more immediate source of glucose. I suggest you get a meter and start checking your blood sugars to know how food affects yours.",food-and-diet
"No matter how little I eat or how much I exercise, I cannot seem to lose enough weight. I follow a 1200 calorie/day balanced food plan provided by the nutritionist, and maintain a written food diary. I joined a gym with a personal trainer and for 6 weeks I am exercising 1 hour in the morning before work and an additional 1-2 hours after work on most days. I am insulted and frustrated when the dietician says she doesn't know what to do because ""the weight should be falling off me"". The doctor and endocrinologist look at me suspiciously when I voice my frustration and simply tell me to continue to ""watch my diet and keep exercising"". My blood sugars have come down significantly, but are still not where they need to be and still fluctuate wildly at times. This is horrible….I have given up all foods that I ""love"" and exercise has taken up most of my free time. I don't know how long I can continue the sacrifice without seeing results and don't know where else to turn.","The first main thing is that your glucose is coming down significantly. Is your stamina now better? Do you sleep better? Is your energy fairly even? If you answer ""yes"" to these questions, you are most definitely leaner, meaning your body composition has changed. Lean tissue weighs more than fat. I do bioelectric impedance measurements on all my patients. In someone with a profile similar to yours, I may see 10% or more drop in body fat %, drop in fat mass pounds, with no change in weight! In time, weight will decrease overall, but is much slower to show up in certain body types. As for foods, be sure all your carbs are unrefined, that veggies and legumes are your focus, along with fish, eating as preservative-free and organic as possible. You liver has been working hard for some time, and needs to have as light a load to process as possible. Eggs in the morning balance the thyroid for the day and may very well help to stabilize your glucose. Overall, 50 grams of fiber/day and 20-30 grams of protein (plants and grains have protein) are indicated. Since you have lowered your caloric intake, up your free food veggies. If you are tired in the daytime, you may not have enough fuel, especially with the 2-3 hours exercise. Bread products and wheat/gluten may not be appropriately metabolizing. I'm finding this to be especially true with hormonal changes. If you are at all gaseous, you need to thoroughly review your types of foods. Nutritional supplementation, to include essential fatty acids and a B-complex are important in calorie restricted intakes. As for medication, is insulin part of your mix? If not, you may do well to discuss this with your team, even if for a short time to give your beta cells a rest. You may find, as time goes along, that you won't need as much of the other medications, which have more side effects. It is a balancing act. Don't get discouraged; you are on the right path, just ask a few more questions. Not every practitioner is abreast of some of the points I pose here, particularly where weight is involved.",food-and-diet
I am vegetarian and have diabetes. I do not like the taste of eggs or fish. How can I get enough protein in my diet?,"If you are vegetarian for ethical and other personal reason, then you want to be sure to include plenty of high protein plant based foods. I do not encourage regular consumption of soy ""designer"" foods such as energy bars. Tofu and tempeh would be better choices. Over consumption of gluten - the protein portion of grains such as wheat and oats - is also not the best choice, especially if you experience any GI disturbances. Nut butters, such as almond, are good. I was vegetarian for a long time, but realize how much better a ""machine"" I am now that I eat eggs and fish. 2 eggs in the morning can carry me successfully for many hours. This is giving my adrenal glands the support they need. Fish provides those heart healthy fats we all need; salmon is the number one choice. You'll just need to figure out your approach, and get a food chart to see how much protein is in the foods you choose. All grains and beans have protein, it just takes more. Your diet is now more carb focused, so it does require more fine tuning to stabilize your blood sugars. You can include flax seed oil which might work for you, but folks with long standing diabetes often need fish oil. A multivitamin, B-complex can be purchased anywhere. Just make sure your vitamins are hypoallergenic, preservative free, etc.",food-and-diet
Can I fast (from sun up to sun down) if I have a type 2 diabetes? I take 1000mg of Metformin twice a day. So I would take the meds in the morning before sun up and then take another at night at sun down and no food in between.,"I do not have a set answer for you, but do know it is possible depending on the overall health of the person. If you eat an early meal that includes eggs or some other good protein source, and stay well hydrated during the day, you may be fine. Testing your blood sugars will let you know. Your activity levels will also be factors to consider on a daily basis. If you get too low, you may need to cut back on dosage. Work this out with your physician. I would also advise against a large meal at night, as this may cause a blood glucose spike. Give it a try with close attention, and be willing to do what is best for you to stay safe.",food-and-diet
"My husband has type 2 diabetes and has been eating an English Muffin for breakfast. I feel that he should be eating whole grain bread. We've argued about this and he says a ""carb is a carb"". His sugar spikes to 160 after breakfast. Is this normal?","In general, the higher the fiber, the slower the carb will turn into sugar, which will result in lower numbers. He should include some protein at breakfast, and try a higher fiber English muffins that may result in better numbers. Just so he knows, he should do random checks 2 hours post meals so that he gets a view for the impact of each meal on his blood sugars. It is the higher 2 hour post meal sugars that, over the long term, may open the door for complications more quickly than elevated fasting glucoses alone. People without diabetes won’t exceed 140 after meals; an otherwise healthy person is encouraged to strive for as close to normal blood sugars as possible.",food-and-diet
Why did my blood sugar spike to 262 two hours after having a Glucerna weight loss drink? I thought this product was to prevent spikes.,"Drinks and shakes can be tricky. The total carbohydrates of the product are definitely a consideration, and when they are in liquid form, absorption is much quicker.",food-and-diet
Can diabetic people eat honey?,"Yes, in moderation since it is more about how MUCH you are eating and what other foods you eat at the same time. If you aren't consuming a large amount of other simple carbohydrates, then 1-2 tsp. of honey may be just fine. Monitoring your blood sugars will give you a better idea on how all your meals are impacting your blood sugars. If you are high in general, then you would be wise to get some guidance on what good meal balancing is all about for better blood sugar control.",food-and-diet
"I have started to drink iced coffee 4 times a week, with 6 packs of splenda and cream. Is this harmful to my glucose level?","Are you checking your blood sugars? That would certainly give you immediate feedback. I would suggest you switch to Stevia for a sweetener. Glucose control never centers around one food or habit; it is reflective of your total lifestyle. If you are making healthy food choices and staying active, your coffees might not be an issue for you. Moderation and balance are still good focuses to follow.",food-and-diet
"I love fruit smoothies at the gym, should I stay away from them?","This is not just about a smoothie, but your overall diet. If your workouts are full, and your lifestyle is active, a smoothie made of all fresh fruits and no added sugars should fit in, depending on the rest of your food intake.",food-and-diet
"I love fish and like to eat as much of it as possible, but I’m afraid to eat sushi because I’m afraid the rice will spike my blood glucose levels.","A few sushi pieces may be fine but too much may spike your blood sugar. Your reaction will depend on many factors, mainly the amount you eat and what else you are eating together with the sushi. The best way to know the effect of any food on your blood sugar levels is to test 2 hours after eating. If you are under 140, you are doing very well. (Your physician may have a higher range for you depending on your medical history.)",food-and-diet
"Is unrefined ""natural"" sugar better than the granulated cane sugar I normally buy?","In terms of the effect on your blood sugar: not really. Unrefined sugar contains some minerals, and it has been reported that chewing raw sugar cane does not produce dental cavities. In general, as with most foods, use sugar in moderation and check your blood sugars.",food-and-diet
Is a low-carbohydrate type of diet going to provide me with the necessary energy to complete fairly rigorous cardiovascular and weight training exercises?,"It all depends on the type of low carbohydrate diet you pursue. Eliminating refined carbs (sugar, white flour) is the first best move. Including lots of veggies and legumes as your major carbohydrate source is a better move. Legumes are high in plant protein, so they provide a great nutrient base. Carefully monitoring your intake with your blood sugars will let you know if you are on the right track.",food-and-diet
Is frequent urination a side effect of a low carbohydrate diet?,"I don't necessarily see frequent urination as a result of low carb diet. Often, it is the opposite (decreased urination) if a person increases their intake of meat. This will also depend on the amount of water intake. Uric acid levels may become high in a person eating higher meat levels. It is always healthy for the body to be regularly eliminating. Be certain your frequent urination is not triggered by higher blood sugars, or beginnings of kidney problems. The latter can certainly be triggered by a protein overload.",food-and-diet
Is a vegan diet helpful for someone with diabetes?,"For some people, a vegan diet can be effective in controlling blood sugars, as was shown in a study funded in part by Diabetes Action. When the RIGHT amounts of carbs are consumed - legumes (beans), veggies, and moderate amounts of whole grains - a balance is achievable with the inclusion of the plant protein and fiber. The richest source of micronutrients is found in legumes. The caution side of a vegan diet is to ensure one stays in nutrient balance. Appropriate supplementation is often indicated. As with any individual intervention, it is just that: individual. One's overall health history needs to be taken into consideration. There are many individuals who seem to respond better with inclusion of fish and/or eggs. Anemia can sometimes be an issue. Monitoring your health on all levels will show you the best path to follow in your case.",food-and-diet
What is the sugar content in 1% milk? Does soy milk have less sugar?,"Since blood sugars are raised more quickly by carbohydrates than by protein or fats, that is what we focus on when managing blood sugars. Most of the carbohydrate in milk is sugar (lactose). If you look on the milk label, you will see the grams of carbohydrates listed. Generally, you will find 12 grams of carbs/sugar in 8 oz. of any type of plain milk. Do the same for the label of your soy milk, looking for grams of carbs. Flavored soy milk will probably have even more sugar.",food-and-diet
"When reading labels on bread, what are the most important things to look for: carbs, fat, calories, or what?","One standard slice of bread is about 15 grams of carbohydrate. Since it is wise to limit the amount of carbohydrate you consume at each meal, make each slice as nutritious as possible. Look for higher fiber breads made with whole grains and seeds. Ideally the bread should be truly fresh, meaning you can pronounce everything on the label - no preservatives - and it must be either frozen or eaten fairly soon after buying. Bread that can sit out for weeks has lots of preservatives that make your liver work harder.",food-and-diet
Is it alright for me to drink a high protein whey shake 2-3 times a day to help me add muscle?,"There is not one good answer here. The first consideration is testing your blood sugars, and assuming your diet is well balanced and keeping you stable, see if adding one shake makes a difference in your blood sugars. Consuming more than that as a way to add muscle may not be the way to go if your meals are also high in protein. Maintaining a low acidic system and healthy kidney functioning should always be considered when embarking on the higher protein intake. Balance is the key, and may take some monitoring to achieve.",food-and-diet
"Why am I constantly hungry and unable to lose weight even though I work out 7 days a week? My blood sugar appears to be under control, but I am hungry most of the time. I am about 20 lbs overweight which is mostly in the abdomen. Is there some appetite suppressant that can help with this constant hunger?!","We are not designed to be hungry most of the time. While it is great that you have your glucose in good control, you may also be inviting a nutrient deficiency if you are very calorie restricted. If you feel deprived of food, you may not effectively lose weight, but re-gain more. The types of food you are choosing may make a difference. Are you primarily eating high fiber, unrefined whole foods? Foods such as legumes (beans) can help to satisfy your hunger without providing too many calories. Appropriate nutritional supplements can be helpful if you have a medical practitioner in your area who is knowledgeable.",food-and-diet
Are there any studies done on diabetics and Noni juice? I have several friends who sell the product and they feel that it is wonderful for diabetic but I read a small article that seemed to contradict all the good I had heard about the juice.,"There are a few studies. As with many studies involving nutrients, it is the source of the nutrient in question that can positively or negatively impact outcomes. In the case of Noni, a negative study was counteracted by a positive outcome study that showed the quality of the Noni juice was quite different in each study. When pure Noni from healthy fruits was used, the high potassium content had no negative kidney impact, for one comparison. I have not seen data on blood sugar comparisons. There are many berries indigenous to other areas of the globe that are now being offered in juice form, usually with a high antioxidant claim. Personally, I have experienced different people reporting positively improving with different juices in small amounts. As with most of nature's bounty, all people do not respond to all nutrients the same way. After one has put into place a solid healthy eating plan and is getting as active as one's lifestyle permits, then incorporating some of these other foods may be of benefit. Do not look for them to be the magic bullet, in and of themselves.",food-and-diet
What are the normal daily needs for carbs and proteins if you are on a 2000 calorie diet?,"Your first priority is for the majority of your food intake to be from whole, unrefined foods. Protein needs at 2000 calorie level can reflect between 10-25% or 50-125g depending on your overall health and objectives. Carbs, most importantly being unrefined, may reflect 45-65% of your daily food intake, or 225-325g.",food-and-diet
This morning I had coffee and a blueberry muffin for breakfast and when I returned I took my blood count it was 298. What steps should I take now to bring my sugar down?,"Most muffins are not much more than a dose of quick sugar. Try starting your day with protein sources such as egg, cheese, nut butters, meat, tofu, fish, etc with whole grain toast or oatmeal, fresh fruit and yogurt adding up to 20-30 grams of carbohydrate. Any carb that has fiber in it will be more slowly metabolized. Be sure you are eating higher fiber foods at all meals to avoid going over 140 at any time after eating.",food-and-diet
I was diagnosed with borderline Gestational Diabetes and am supposed to be eating a bedtime snack. Can it have any carbs? Just protein?,"The reason for the snack would be to keep you from spilling ketones. Are you checking for them every morning? That is part of gestational diabetes management. If not, then you don't need a snack. The idea is for the baby to appropriately gain weight, and mom not to ""starve"". If your fasting blood sugars continue to rise, you may need short term insulin. Have you carefully evaluated each meal to include good protein balance and the right kind of carbs (complex, high fiber)? Often a good bedtime snack is yogurt: plain with bit of fruit, or 1/2 whole grain bread sandwich, such as cheese. Exercising such as walking, is also key.",food-and-diet
What are the pros and cons of carbohydrate counting?,"Carbohydrate counting is helpful for fine tuning your blood sugars. Carbs turn into sugar in our bodies anywhere from 5 to 120 minutes after eating. The primary carbs to limit are refined and simple such as white flour and pasta. If, after following the general guidelines for a healthier lifestyle for management you are still not in control, then counting carbohydrates may be for you. The cons with counting any food is that it can feel like dieting to many of us. You be your own judge here.",food-and-diet
"I am frustrated because after an initial 17 pound weight loss on a 1200 calorie diet, I cannot lose any more weight. I do have more energy due to the change in my eating habits. Would it be best for me to obtain a 1000 calorie diabetic food plan? I love cheezits; and am addicted to them, and find myself snacking them each and every night.","Take heart, you sound like you are on the right path. Quite frankly, 1200 calories may have been too restricted for you and reducing your intake even more is probably not the answer. It all depends on your body composition and the types of foods you are eating. In general, eat as many veggies you like. Baked/broiled fish is the flesh of choice if you like it; starches keep to a moderate minimum, keeping them unrefined and high in fiber. Factor in your crackers if you crave them, chewing very slowly. The key here is to be exercising daily. Just walking will work! Stay very active. It's normal to reach plateaus; fluid retention at low levels can cause ""weight gain"". If you are feeling better and your glucose is in good control, then you certainly are improving! STAY WITH IT!",food-and-diet
"How can I safely gain weight when I am already so near the fasting blood glucose cutoff of 100? When I was first diagnosed with diabetes, my doctor recommended that I get more exercise, cut down on heavy pasta dinners, and avoid sugary snacks. I started running at least 20 miles per week, lost 12 pounds (to 144), and bought myself a glucose meter. Since then, I have been much more serious about my diet. I'm eating salmon at least twice a week and eating beans as my primary carbohydrates. As long as my dinners are small (and no dessert), and I run at least 3 miles per day, I can get my fasting blood glucose down to the 90 - 100 range. However, these new changes have made me lose more weight and my wife tells me I look gaunt at 136 (I am 5’11”).","During the day, try adding some coconut and olive oil to your diet in tablespoon increments. Avocados and nut butters are also good choices. If the bulk of your food intake is finished 4 hours or so before sleep, you may be just fine. 136 is a bit lean for you; I would think around 150 of lean mass would be good, but numbers are not always hard and fast determiners of what is good health. Have you tried any supplements? Cinnamon in therapeutic quantities is helpful, as are many other nutritionals.",food-and-diet
"Is the sugar substitute, Stevia, OK for those with diabetes?","Stevia is derived from the leaves of the plant, stevia rebaudiana. It is 200 times sweeter than sucrose and can be used in cooking. In addition to its sweetening property, Stevia has been shown to lower both blood pressure and blood sugar levels in animal studies. It is the sweetener of choice for many. It is packaged under more than one name, and is available in both liquid and powder forms.",food-and-diet
"I will be traveling to Belize for two weeks and it will be difficult for me to eat well when the usual meal consists of rice, beans, tortillas, and very few vegetables. Last time I was there itwas a disaster for me. Are there any pre-packaged snack foods that I could take with me in case I can't get something healthy to eat?","First of all, stay away from the rice! Beans are a much better choice. This is a time when a protein type bar would be helpful since it packs well. Avoid granola type bars, as they are higher in carbs. If you have a health food store near you, ask for a bar with at least 40% protein. If there are any veggies at all, even if not exciting, try to eat them whenever you can. Factor in some fruit servings to get fiber and real food. I’d say your best ally will be lots of activity and exercise.",food-and-diet
Can glucosamine have an affect on blood sugar levels?,"Glucosamine is a carbohydrate, but it does not get converted to glucose. Some reports are that insulin levels may be affected. A study done with type 2 diabetes showed glucosamine to have a minimal effect on glucose, concluding that the benefits of using glucosamine for arthritis outweigh a risk for a slight fluctuation in blood sugars. As is always true with diabetes, each person is an individual who may respond differently. Best suggestion is always to monitor your glucose for any changes.",food-and-diet
If a food is labeled as having 15 grams of carbohydrate and 4 grams sugar what is the total number of carbs?,"15 grams carbs should be the total, with 4 grams of that considered as sugar which is usually added. Look at the ingredients to see if sugar by its many names has been added. Just remember: 15 grams of carbohydrate from a drink will raise your glucose more quickly than 15 grams from a fresh fruit serving, like a small apple.",food-and-diet
"I am 13 years old and have a weight problem. I know I am at high risk of getting diabetes but when I diet, it doesn't make a difference and I can't lose weight. I play lots of sports and am not lazy. Do I have some type of diabetes that prevents me from losing weight?","Diabetes in and of itself does not generally cause you to retain weight. Sometimes the medications a person is taking will often interfere, contributing to levels of fluid retention. Be as active as you can, striving to become a ""lean machine"", even if the numbers on the scale don't immediately change. Be very honest with yourself about your food intake/portions vs. activity levels. If you can locate a nutritionist in your area who also will suggest appropriate vitamin/mineral compounds and carbohydrate vs. protein amounts, that may be the boost you need.",food-and-diet
Why is my insulin dose higher in the morning and lower in the evening?,"Insulin protocols are individual based on what your numbers look like throughout the day. In general, to be cautious, less is given later in the day to avoid low blood sugars during the sleeping hours. I suggest you get all your insulin questions clarified with your physician.",medication-and-insulin
What is the timeframe of taking insulin before meals? If you forget to take it before eating can you take it during or after the meal?,"I suggest you get this answer from your physician who knows your glucose patterns, dosage amounts, medical history, etc. No two people respond the exact same way to food/medications. Some people do better with insulin pre-meal, others even 30 minutes later, while taking right after may also work depending on the meal eaten. If you are currently taking a high dose, timing with meals is more important to avoid low blood sugars. Testing your levels when you miss a dose may help you better determine what will work for you, perhaps even adjusting the units if you are now on a fixed dose. Managing insulin dosages has an art to it, as our bodies always change through the life cycle. Keeping as much consistency as possible with food intake while you are learning your requirements will help you know what to do when you do skip your timing.",medication-and-insulin
My husband’s blood sugar is actually higher now that he is taking Trulicity. He is also taking 1000 mg of metformin twice a day and 6 mg of glimepiride once a day. HIs morning BG is running at 170 since starting the Trulicity. His doctor is stumped and just increased the Trulicity to 150mg injections. Before the injections his BG was 140-150. Why is his morning BG going up on the injections? Should we test differently or at different times?,"I understand your frustration. Perhaps your husband can negotiate with his doctor to stop the Trulicity for a trial period to see if numbers decrease. Timing of medications is also a factor; it may be that taking metformin closer to bedtime can have a greater impact on fasting glucose. Taking blood from his palm can be pretty accurate. Other sites can be used, such as upper forearm, but either right before a meal or more than 2 hours after to accommodate digestive circulation time. It may also benefit you both to have a consult with a nutritionist/diabetes educator who can work with you on a plan. It is also your right to seek a second opinion from another physician if you continue to feel your questions/concerns are not being addressed. As we age, we do experience a decline in organ functioning, which can make it more difficult to control glucose levels. Diet and lifestyle usually require a closer focus and tune up.",medication-and-insulin
"I take a long acting insulin twice a day and a fast acting insulin three times a day. I've been told how often to take them and how much to take, but nobody ever told me if I should still take it when my glucose is within range or not. Do I still take my insulin to maintain control, or will that put me in danger of hypoglycemia?","Always check with your physician with these questions so all of you are on the same page. The goal of any medication is to need less, not more. With long acting insulin, you generally need to continue taking it, but your units may be lowered. Many patients learn how to adjust over time. As for fast acting insulin, amounts will depend on food intake. If you are reducing carbs, you may need less. This is where you want to have a clear understanding with your physician how you are to adjust for meals. Keeping close track of your intake and numbers pre/post meal for a time should help you to better understand your trigger foods.",medication-and-insulin
"I am on 500 mg metformin twice a day. However, no matter what I have for breakfast my blood sugar goes up to 190 while my 2-5 am sugars are in the 120 range.","Hopefully you are discussing this with your physician. If you are taking your metformin at dinner, it may be peaking at the 2-5 am time, causing your lows, then your hormones kick in to raise your levels back up in the morning. Early morning is when blood sugar levels are generally the highest anyway. Perhaps taking metformin around 10 pm will give you a better target for the fasting levels, which in turn should lower your post-breakfast response.",medication-and-insulin
How much weight does Humalog make you gain? Because I’ve been a type 1 diabetic for about a year now and I’ve gained so much weight in that time period. It’s so unusual because all my life I’ve never been overweight. I’m extremely worried because I have dieted and exercise but nothing is changing. I think it’s the Humalog making me gain all this weight. My stomach is extremely bloated and my total weight gain is 36 pounds.,"Insulin can but does not always promote weight gain; this will vary with each person. The first area to address is food intake, with carbs being the first nutrient to monitor. No two people handle food the same way. Focus on eating lots of green vegetables and getting more of your carbs from plant foods instead of starchy foods. If you are eating for any low blood sugar issues, you may need to revisit your insulin protocol with your physician. Consulting a nutritionist who specializes in diabetes may be helpful. It may take time to figure out what works best for you but it is possible to achieve more normal levels and weight.",medication-and-insulin
My husband has type 2 diabetes. He has completely changed his lifestyle by walking 40 minutes every morning and not eating any sugar. His levels have dropped below 160 and his A1C is 5.5. My question is whether he has to continue the diabetes medication or if he can stop.,"It is time for him to ask these questions of his doctor, perhaps to start cutting back on his medications now that he has changed his eating and lifestyle habits. Many have been successful in reducing or discontinuing their medications once new habits are firmly in place and a real pattern of success can be shown. His physician may give him a 3 month trial period of less medication to see if these good numbers continue, then go forward from there.",medication-and-insulin
I am in the pre-diabetic zone and recently started taking metformin 500 mg twice daily. Why is my fasting blood sugar going up in-spite of the medication?,"We are never the same from day to day and some fluctuations can occur, especially when adjusting to new medications. Hormones can also affect fasting levels. If you are not already doing so, I suggest you track your food intake and blood sugar numbers for a week to see what foods may affect you the most and consistency of your blood sugar levels. Doing a random test one hour after a meal can give you good information.",medication-and-insulin
I have type 2 diabetes and take 250 mg Metformin in morning and 500 mg after dinner. I also have COPD but had some problems recently so was started on 6 days of Prednisone and my blood sugars went up. I have been off the Prednisone for 2 weeks but my sugar levels are still higher than before.,"Your regular Metformin dosage may not be managing you the same way it did before you needed the prednisone. Since you’ve only been off prednisone for 2 weeks, your body may still be mending from your last illness bout and still be under the influence of prednisone on your glucose levels. I suggest if this keeps occurring, consult your physician. Track your food and blood sugar levels for a week which may be helpful when anticipating a possible medication adjustment.",medication-and-insulin
"My fasting blood sugar has been in the range of 140 to 150, every day. My doctor wanted me to take insulin at evening meal but that would make my numbers would be closer to 200 in the mornings, so I don't do the evenings. Why do I need insulin at all?","Insulin is taken when your body has either stopped or is barely producing it. If insulin is taken at mealtime, it is meant to lower the more immediate effects of carbs, which are converted into blood sugar within an hour. A fasting blood sugar of 140-150 will most likely show high levels all day as a result of food consumption. Taking it with the evening meal may result in fasting levels closer to normal. I suggest you revisit this with your physician, being clear about WHEN you should take it and WHY.",medication-and-insulin
"I take Trulicity once a week, is that enough to control my blood sugar, or should I be taking Metformin also? I have type 2 diabetes and my A1C is in line.","This is a conversation to have with your physician. A good goal is to “need” as little medication as possible. There are pros and cons with metformin for more than just diabetes. If you are in good control now, focus on a healthy eating habits and increased activity.",medication-and-insulin
I was recently diagnosed with type 2 diabetes with a fasting sugar of 270. My Doctor started throwing all sorts of medications at me. I hate taking Medications! Since then I’ve been checking my sugar 2 hours after a meal and I'm generally within 131 and 140 and between 108 to 121 before lunch. It's been consistent for the past month. I've never had a reading over 140. Do I need the medications?,"With lifestyle/diet changes, one can be successful in managing glucose levels to more normal ranges. The key to knowing if this approach will be successful is to do what you are now doing: checking your levels. If what you are reporting is without medications, you may want to discuss this with your physician who may work out a 3 month program of monitoring to see if this trend holds. If these are your levels with the addition of medications, it will be important to see if your levels continue lowering. If so, discuss with your physician decreasing the amount of medication.",medication-and-insulin
I have type 2 diabetes and have been on insulin for a year now. I have lost some weight and my A1C has dropped from 9.5 to 6.5 but I am having a lot of lows ranging from upper 40's to 60's. I am wondering if maybe I might be able to get off insulin. I feel that my oral med is starting to work better now that my beta cells have had a rest. Can that be true?,"Yes, your cells are also in a better position to uptake glucose from the bloodstream now that you have decreased body fat. You should see your physician ASAP to get this adjusted. 40's are a dangerous range to be in. He/she may start weaning you off insulin, watching your levels along the way.",medication-and-insulin
How much is blood sugar decreased for every unit of novolog insulin?,"A starting point is to consider that one unit of insulin will lower the glucose 50 points. This can vary from 30-100 points, depending on one's insulin sensitivity, exercise habits, food choices or other variables. Time will tell for you as you test and track your numbers to see if a pattern evolves.",medication-and-insulin
What medication is used to replace metformin when liver enzymes are high and the endocrinologist discontinues this medication?,"Much will depend on the advancement of your diabetes and other medications you might be taking. Your physician might choose a meglitinide such as Prandin or an alpha-clucosidase inhibitor such as Precose. Insulin would be another choice. There are other meds and newer ones always in the mill. Some physicians keep their patients on Metformin if the enzyme levels are not too high. If your numbers are not too high and you are otherwise healthy, focus on lifestyle management. Losing body fat, if needed, can help to get things under control.",medication-and-insulin
My bottle of insulin will expire next month. Can I still use it or do I need to throw it away?,"Expiration dates usually have a grace period. If stored properly, you should be fine. I would assume that your insulin would also be used up sometime around the expiration date. Just to be sure, inquire from your pharmacist or source of your insulin what they advise.",medication-and-insulin
"A lot of times I’ll forget to take my insulin before eating, especially when I go out to eat. Does it help any to take the shot after I’ve eaten?","Yes, if you are referring to short acting insulin. Of course, this will depend on how long after eating you are referring to. Your food may peak an hour after eating, especially if you ate carbs. I suggest you work out a scale or insulin adjustment schedule with your physician. Generally, 1 unit of insulin is geared to lower 15 grams of carbs. It may take a few guided trials for you to learn how your blood sugars respond to insulin taken post-meal.",medication-and-insulin
"When injecting insulin, are you supposed to rotate within the site or rotate sites?","You can do both. The best injection site is abdominal, rotating at least an inch away from the navel. The second best site is the “pinch” of the upper arm. Thighs can be used prior to sleeping. It is best to spend at least a week rotating in one area before moving on. If you can stay with the abdominal area, that would be ideal.",medication-and-insulin
Is it more effective if I take my insulin in the morning instead of the evening like I do now?,"This depends on the type of insulin you are on. If it is a basal insulin, it is often suggested to be taken at night. Even though there is not a peak with basal insulin, it cannot perfectly mimic our physiology; some get better control with the night time dose. Sometimes, it is trial and error to see whether morning or evening works better; sometimes both an a.m. and p.m. injection get better control. Check with your physician to determine when the best injection time is for you.",medication-and-insulin
I am going to have to switch my insulin because Novo Nordisc is taking their Novolin N and R products off the market. I am not sure the pen is the best for me because once my insulin peaks my blood sugar drops very quickly. Do you have any suggestions for insulins I should research and ask my doctor about?,"Have you and your physician discussed using a basal insulin to better balance those peaks and valleys that can occur with intermediate acting insulin? I would assume your physician is abreast of the changes and would begin to have an alternative plan for you. When switching insulin, it may take some closer management for a time as no two companies have the exact same formula. If one is accustomed to taking the R separately, a combo pen is not the best substitute for reasons you note; the control cannot be as exact since combo pens are set ratios.",medication-and-insulin
"At my last appointment my doctor said to take 1 or 2 doses of metformin as necessary. If I take just one pill, my morning and evening readings are 100-120. If I take two pills, the readings are more in the 80-110 range. Is it better to eliminate some medication at the expense of higher readings?","If you are actively following a healthy lifestyle and losing weight if that is part of your program, the single dose may be just fine in the short run while you see lifestyle interventions achieve some more lowering. If you don't exceed 120 daytime, that is great! If you have no other cardiac conditions, then the single dose may be preferred. Be sure your physician gives you glucose levels to target.",medication-and-insulin
I am on metforim for type 2 diabetes. It has improved my glucose levels from but I am wondering if this is too much medicine and if it might cause kidney problems!?,"All medications have potential side effects. When on metformin, you should be getting you liver enzymes checked every 3 months, at least initially making sure you are stabilized. This is a great time for you to truly start a Healthy Lifestyle Plan, working towards reducing excess body fat if that is an issue. It is possible to reduce/stop medication and there are those who have successfully been able to keep blood sugars in range without medication. Get whatever assistance you need here if you are unclear about whole foods eating and an active lifestyle. There are nutritional supplements that are also helpful. What is best for you will depend in part on any other health conditions/medications you may be taking. With patience, focus, and time spent to learn about your condition, you should certainly make progress.",medication-and-insulin
Does injecting insulin into the stomach cause additional fat to accumulate there?,"Fat deposits do tend to increase where one has the greatest aggregation of fat cells, which for many, is in the belly. The increase would come if one is gaining body fat. Insulin does have a job of depositing the byproducts of both protein and fat digestion into the cells, along with glucose: the end product of carbs. If your caloric intake exceeds your activity output, you will gain fat and it will most likely show up in the belly. What one may experience is some hardening of the tissue in the belly if injections are administered over a long period and are not routinely rotated in the area. Still, abdominal injections are the most effective.",medication-and-insulin
"I have had type II diabetes for 15 yrs. I have been working very hard at diet and exercise and have lost 20 pounds. Three months ago my A1C was 6.8. and now it is 7.9. The doctors want to put me on insulin now. Is there any other oral meds that I can take before I have to go this route? Right now I am taking Metformin 1000mg 2x a day, Glyburide 5mg x 2 twice a day and Avandia 4mg 2 x a day.","At this point, they have about maxed you out on your existing oral medications. I think going on a term of insulin would be wise, in order to give your insulin producing cells a rest and possibly regroup a bit. People have ""needle fear"", but when done in the fat of the belly, insulin injections are not painful. Insulin is generally less toxic to the system and has fewer side effects than the oral meds you are taking. Try to get back in that good control you were in, and remain very diligent about lifestyle. Learn carb counting initially and, in time, you will begin to know what affects you and what doesn't. As you continue to lose body fat and become leaner, you may find yourself needing less insulin. Keep a fish/veggies diet focus, and you will achieve faster results. You may need a tune up with a knowledgeable diabetes educator/nutritionist if unclear about whole foods eating and truly nutrient dense foods.",medication-and-insulin
Is it possible for someone with insulin resistance to take too much insulin? I am finding it necessary to gradually increase my daily injections of Humalog 25/75 to have satisfactory blood glucose readings.,"Pre-mixed insulin cannot give the same fine tuning control that taking baseline/meal insulins separately can. I would assume you are getting low blood sugar reactions? Speak with your physician if this is the case. If you are willing to take your insulins separately, then you should be able to calibrate with your meals more effectively. This will mean learning to count carbs, which is good knowledge to have regardless.",medication-and-insulin
"When on an insulin pump, is it alright to eat anything you want? My teenage stepdaughter who is visiting us right now eats more sugar than I've ever seen anyone eat and when I asked her about her sugar intake, and her response was, ""It doesn't matter, I have the pump"".","It certainly does matter how one eats with or without the pump and, in general, with or without diabetes. A pump does allow for a bit more leeway, but not a total sugar binge. In general, more teens are surfacing with conditions never before seen until later stages of life: high lipids, blood sugars and irritable bowel, to name a few. If she is to be living with you, then you would need to become more “proactive”. It may be that if you don’t see her that often that she is “playing” you like a substitute school teacher, getting away with whatever she can while she can. Be very clear about how she normally eats, and what her education and support is. Perhaps you might just consider bringing only healthier foods into the house. If you and others are eating the sugary foods, she, like any 13 year old, does not want to feel “abnormal”. Nothing like a good example to set the stage for change.",medication-and-insulin
"I take novolog 70/30 before breakfast and dinner. My bedtime blood sugar reading can go as low as 37 but then, first thing in the morning, I am up into the 200's and 300's. Do I need to switch my insulin?","I would suggest you discuss with your physician about switching to basal and mealtime insulins, which would mean more injections, but better control. In my experience, many folks require more insulin in the morning, because hormones kick in around dawn and tend to elevate blood sugars first thing in the morning. A basal insulin, taken once a day, gives you a better steady ""trickle"", then depending on the time of day and the meal, injections in different amounts help to give better control. This is where learning to count carbs, based on 1 unit insulin for every 15 grams of carbs, is a place to start. Over time you can fine tune the amounts once you know the composition of your meals and have a good handle on what you are eating and how much. This may take some homework for awhile, but is well worth it in the long run.",medication-and-insulin
What does it mean when a person has high insulin levels? Is this bad and what can it cause?,"High insulin levels are often the result of years of less than desirable lifestyle habits such as poor food choices. Refined foods, especially carbs, produce sugar very quickly in the body, resulting in the pancreas secreting insulin to meet the demands of removing sugar from the bloodstream. In time, the insulin secreting cells get tired and stop working effectively.",medication-and-insulin
"Could taking an anti-fungal medication cause my blood sugar levels to go too low? I have a toenail fungal infection and was prescribed Lamisil tablets. After 7-10 days of starting the Lamisil, my glucose levels started going very low and I had to reduce my insulin significantly to avoid hypo's. The problem is that although my readings are within a good range, have become extremely tired and have no energy.","You may be responding to the rapid shift in blood sugar levels, which can be fatiguing. You should adapt. If not, and nothing else has changed in your management, then it may be the medication. Ask your physician about this. As for dealing with future recurrences of the fungal infection, it may help to keep a good amount of fiber in your diet, drink lots of water, take a minimum a high quality multivitamin that suggests 2 pills/day, and one-two courses (bottles) of a probiotic which contains live bacteria that you find in yogurts.",medication-and-insulin
"Is Glucovance causing my blood sugar to go too low? Since I have lost weight, my blood sugar goes as low as 70, which makes me very sweaty and faint.",The good news is that you probably don't need the medication now! Your efforts are paying off. You may be over medicated which could be dangerous by causing very low blood sugar levels. Notify your physician immediately to start cutting back with the goal to be total elimination of the medication.,medication-and-insulin
Is my blood pressure medication causing my blood sugar level to drop drastically each morning after I take it?,"If you have not changed anything else in your diabetes management, you are most likely being affected by the blood pressure medication. Certainly your physician should be notified, and either recommend a medication change, and/or lower your diabetes medication.",medication-and-insulin
What could happen if someone were misdiagnosed as having diabetes and took insulin but didn't need it?,"If a person doesn't need insulin, and is injected with it, there's a strong possibility of getting a very low blood sugar reaction, depending on the insulin dosage and the amount of food eaten. I personally have never heard of someone being misdiagnosed with diabetes. Before a person is started on insulin, a diagnosis of diabetes is clear via lab tests, and usually, blood sugars are high even with oral medications and lifestyle changes. In and of itself, insulin is not generally damaging.",medication-and-insulin
Can anti-inflammatory medications increase my blood sugar levels? I have been taking 600mg Ibuprofen 3 times a day and my sugar levels are the highest they have ever been.,"Most likely the inflammation itself is the first cause of blood sugar rise. NSAIDs (non-steroidal anti-inflammatory drugs) as a group are hard on the digestive tract over a long haul; this may affect your metabolism at some level. If this is short term for you and not a chronic treatment, you should return to better control as the inflammation subsides.",medication-and-insulin
I have type 1 diabetes and am wondering if I can take steroids for about 2 months?,"Taking steroids is never considered without risk and I would strongly suggest you do not unless advised by your doctor for medical reasons. You can most likely expect the steroids to cause a rise in your blood sugars. Steroids when taken as a prescription often induce secondary diabetes. I am assuming that you are inquiring about steroids for muscle building. As an alternative, you may want to try a microfiltered whey protein powder w/o preservatives, sucralose, or other additives in it. This should be done under nutritional supervision to ensure a good dietary balance. Close monitoring of blood sugars is necessary.",medication-and-insulin
"Is an increase in the amount of insulin that I require a sign that my diabetes is getting worse? I have been a diabetic going on 18 years and most of the time my blood sugar has been anywhere from 200 to 450. When I was first diagnosed, I took 5 to 10 units of insulin but now I take 15 units to 50 units depending on how high my sugar is.","In general, long standing diabetes where blood sugars run high can invite complications. Are you under close care of your physician where you are monitored every 3 months? High blood sugars may to due to many factors. Once diet/lifestyle are truly being well managed and blood sugars are still labile, it may be that forms of neuropathy have taken hold. Please do visit your concerns with your physician.",medication-and-insulin
"What medication can be taken by a type 2 diabetic with leg ulcers, to offset arthritic pain in the foot?","This is a question for your physician. One has to always be aware of drug interactions, depending on your other medications. Better healing is connected to how you eat and if you are taking any nutritional supplements. If there is room for improvement in the health of your lifestyle, I suggest you get some guidance from a nutritionist/diabetes educator. You sound as if your conditions have progressed; it is important to do what you can to slow any further degeneration. A vitamin B-complex may be helpful, as well as fish oil capsules. Certainly taking a high quality multivitamin would be a basic start.",medication-and-insulin
"Is my doctor correct to put me on Byetta for the principle reason of improving beta cell production and longevity? I am resistant to going on it because of the fact it has to be injected and I don't want the side effects of nausea, gastric upsets, etc.","As with any approved medication, it is only as effective as what we know of it to date, and every person does not respond to each medication the same way. It may be that your doctor's objective is to discharge you from one or more of your current medications, to Byetta. That is a decision the two of you must arrive at. It is always a good goal to strive towards medication dosage reduction. Perhaps this may occur with a proposed change. All medications do come with warnings.",medication-and-insulin
"Do you agree that although lab standards say I am right in the middle of ""normal range values"" with a C-peptide at 2.5, half my B-cells are gone? What would be an optimal C-peptide score? My current A1C is 5.9.","A normal fasting level of C-peptide is 0.78-1.89 ng/mL. At 2.50 I don't know of the correlation to amount of beta cells remaining. If you stay at that level, your lifestyle is managed well, and your blood sugars stay fairly consistent to reflect your 5.9 A1C, I'd say you are on a quality life path, doing what you can with what is in your control. Insulin and C-peptide are jointly secreted, with C-peptide being used as a clinical monitor of your body's insulin production. Direct measurement of insulin is difficult because it is rapidly removed from the bloodstream. This may make it difficult to rely on C-peptide to accurately measure insulin levels at the time of testing. C-peptide is not an average measurement as is the A1C, (the A1C is the average level of blood sugar over 3 months). They are 2 separate values, and reviewed independently.",medication-and-insulin
"Could I have gotten diabetes from taking prednisone? I am 39 and was diagnosed with diabetes about a month ago, all my symptoms (thirst, frequent urination, dry mouth etc.) started after having 2 steroid shots for a sore throat and then I was on prednisone for my back. My sugar was over 425. Now in the morning it is around 103-120. After meals it is 148-193. How long will it take to get normal?","I wish I could give you a definitive answer, but I can't. Yes, prednisone can be a trigger for diabetes, and with following a healthy lifestyle, diabetes can be resolved to more normal blood sugars. Certainly, you are reporting much better blood sugars, in the pre-diabetes range. I suggest you discuss this with your physician, and if needed, be referred to an endocrinologist for some more definitive answers regarding the endocrine system and what may be manifesting with you. If you have a family history of diabetes, the prednisone may very well have been your trigger, particularly if you weren't following a healthy lifestyle. Time will tell; good lifestyle management is a ""must.""",medication-and-insulin
What is the recommended ratio of long term insulin vs. short term to make up the total insulin requirements for the entire day?,"Textbook starting point may be 2/3 long acting, 1/3 short or rapid acting. There are formulas to further refine the breakdown. Individualizing each person's therapy is always the key, based on accurate blood sugar records. Seeing your daily numbers lets you know how well your program is doing and where adjustments need to be made. Remember: no two people with diabetes follow identical management patterns.",medication-and-insulin
Why do my insulin injections hurt so much? No other diabetic that I have ever met has experienced this as I have.,"Have you spoken with your physician about this? It could be that you have a degree of autonomic neuropathy, where you are becoming very ""nerve sensitive"". There are topical cayenne based creams that may help. Maintaining a high nutrient dense food intake is important; a nutritionist knowledgeable in vitamin/mineral supplements would be your best source.",medication-and-insulin
Is there a correlation between the Metformin and hair loss?,"Hair loss is not typically listed as a possible side effect with Metformin, but can occur due to stress. Diabetes itself can trigger hair loss. Often a good vitamin/mineral therapy course will begin the correction; B vitamins especially are needed for a more balanced metabolism. You may want to see an endocrinologist about this if it persists. Meanwhile, start eating a truly nutrient-dense diet coupled with exercise. The fewer stresses you have, the more balanced your system will become, and perhaps you will achieve normal blood sugars without the aid of medications.",medication-and-insulin
Why is my 13 year old son suddenly getting up in the middle of the night with low blood sugar? He eats at exact times and makes sure I do the insulin or check it to make sure that it is accurate. He uses Humalog and Humulin N.,"This is due to the peak times of his insulin. It sounds like he needs that dose lowered, which is a good thing. Have you discussed this with his physician? It may be that a switch to a long-lasting insulin like Lantus would be better for him; it certainly is worth exploring.",medication-and-insulin
"Is my diabetes medication causing headaches? I'm not sure if it is my new medication (metformin) or high blood sugar, but I have been getting these horrible headaches that stop me from doing anything all day long. My blood sugar ranges from 130-160. Sometimes it is 100 but it seems like when it is closer to 100, my headaches are even worse.","It does sound like you are reacting to the medication; side effects the first 2 weeks are not uncommon. If this persists, you may need a medication change. You should also let your physician know. It will take some time and patience on your part to accept and understand your diabetes. Each person responds differently. Do not be timid to ask for guidance. I suggest you seek out a diabetes educator, classes, or some other support group to help you along. Paying close attention to your total lifestyle is key to good management, and possibly reducing or eliminating the need for medication.",medication-and-insulin
Does insulin cause weight gain? I have been on insulin for 4 months and injecting in my stomach and now my stomach has gotten bigger.,"Insulin can contribute to weight gain which is one good reason for working on maintaining a healthier lifestyle as much as possible. Weight gain is sometimes also seen when one experiences low blood sugars from too much insulin, and eats more to compensate. With patience and adjustments, insulin requirements can be arrived at. I suggest you get assistance with your diet and carb counting if you haven’t already.",medication-and-insulin
What kind of medications are used to treat pre-diabetes?,"The best “medication” is be as active as you possibly can and follow a healthy, whole foods eating program. Medications are never the magic answer and should only beconsidered when truly needed. A strong focus on lifestyle changes - which usually means losing fat and becoming leaner - can serve to keep most folks under control.",medication-and-insulin
What do you know about a new “I-Port” that can be implanted into a person with diabetes to give insulin?,"Check out the web site for more information. This just involves inserting the dome shaped port onto the injection site via a needle guiding a tiny cannula (tube) into your subcutaneous tissue, where it remains for 3 days. This is similar to the set ups for insulin pumps. For those doing multiple daily injections, this may reduce them by as much 90% in a month.",medication-and-insulin
"My doctor wants to put me on Byetta, for the principle reason of improving beta cell production and longevity. Do you agree that although lab standards say I am right in the middle of ""normal range values"" with a C-peptide at 2.5, half my B-cells are gone? What would be an optimal C-peptide score? Would Byetta actually do what the doctor says: to help maintain B-cell integrity and functionality? I am resistant to going on it because of the fact it has to be injected and I don't want the side effects of nausea, gastric upsets, etc. My current A1C is 5.9.","A normal fasting level of C-peptide is 0.78-1.89 ng/mL. At 2.50 I don't know of the correlation to amount of beta cells remaining. If you stay at that level, your lifestyle is managed well, and your blood sugars stay fairly consistent to reflect your 5.9 A1C, I'd say you are on a quality life path, doing what you can with what is in your control.",medication-and-insulin
Why does my blood sugar increase after exercise? I had a blood sugar reading of 135 first thing in the morning. After a 3 mile walk my reading was 155.,"Wait an hour after you exercise and see if you get the same results. Exercise is a stressor, so blood sugar will be higher immediately after your session. Also, blood sugars tend to be higher in the mornings because of hormonal activity during the night.",exercise
"My husband has had type 2 diabetes for 15 years. He has gotten his food and exercise in pretty good shape and has his A1C down to 6.5. My concern is that he will do strenuous exercise in the morning, often for 2 hours, before he eats a meal. Is it safe to exercise this long while fasting?","Much depends on what his pre and post-exercise levels are as well as his overall health and energy. If he experiences lows 30-60 minutes post-exercise, then he needs to fuel up before exercising. Some version of a meal shake - containing a balance of carbs, protein and fat - works well for many people. If he has no issues, then his body appears to have adapted to the consistent program he has developed that appears to be working for him.",exercise
I have type 2 diabetes and have been walking 4-5 miles every night for the past six months. How come I'm not losing any weight?,"Lean tissue weighs more than fat so you often won’t see the number on the scale change, but will feel better, have more energy, better glucose levels, etc. In time, the weight number starts to come down. Keep up the exercise. Get assistance with your eating if you are at all unclear about how to manage food intake with diabetes.",exercise
I've had type 1 Diabetes for 26 years and am 15 pounds over my ideal weight. For the last 6 weeks I've been attending a fitness boot camp. I find that my sugar levels may start at around 100 but steadily rise for the hour after exercising. Is this normal?,"Exercise is a ""stressor"", meaning that in the short term, exercising will raise glucose levels before they drop down. Without diabetes, levels only rise up to a threshold point. With type 1, especially, levels may rise and take several hours to come back down. This is another reason why it is more challenging to find the right insulin dosages for the various differences in the day's activities and eating. Of course, exercise is always encouraged, as lean tissue burns up more calories, requiring more fuel. This fuel is accessible from glucose in the bloodstream. In the long run, your levels should eventually be lower. If you should drop too low a few hours after exercising, reassess your coverage for exercise. Losing your extra body fat should eventually help you in get better post exercise numbers.",exercise
What is the best after dinner exercise for someone with pre-diabetes?,"There is no one perfect exercise, but at that hour and having just eaten, a good walk is usually the best for most people. Any activity that is too long and/or strenuous later at night may cause one to stay awake. For some folks, especially those on insulin, strenuous evening exercise may cause early morning low blood sugars. Try those after dinner exercises you enjoy and see how they affect you. Ultimately, you are shooting for lower fasting glucose levels.",exercise
"I usually run 10 to 14 miles on the weekends but I was recently diagnosed with type 2 diabetes. First, why does exercise seem to raise my blood sugar? What do you suggest eating before, during and after the run to give me the energy needed to complete this? I've always carried the little energy gel packs but I'm not sure this is the wise choice with diabetes.","To address your first question, a run of that intensity will certainly first elevate your blood sugar before it lowers. It is suggested to generally wait at least 1 our post-exercise before testing.",exercise
"I have type 1 diabetes, have good health, and enjoy taking high intensity aerobic classes like Zumba. The problem is that my blood sugar often drops to 45-60 during the class no matter how much I carb up prior. I try to start with a BG of 150-170 and check half way through then treat with glucose tabs or juice and keep going. After class, my BG may range from 60-100 but then rises up to 200+ for the next few hours and I have to treat with insulin. What can I do?","You are definitely experiencing the exercise effect, which will raise your blood sugar for up to 4 hours after exercising. Have you started by cutting your post-exercise treatment dose in half? Also, if you are eating within that 3 hour time frame, stick to a lower carbohydrate protein/veggie type meal rather than any starchy carbs. Also, are you changing your basal rate for exercise? I know some very active folks program as many as 8 rates/day. Sounds like you should lower yours for class if you are not already doing so.",exercise
"I have had type 1 diabetes for 23 years. There was a time when my blood sugars would plummet after a workout. However, now when I exercise, my blood sugars are sky rocketing and I'm not eating anything. My blood sugars are perfect before I workout. What is up with this?","If the intensity of your workout has increased and you are testing within the 1/2-1 hr. post-exercise, it may be you need to wait longer for the post test. Exercise will generally increase levels in the short run, then drop in the long run. This is even more pronounced with insulin dependence. You may need to adjust your carb/insulin ratio before you workout. If all else is the same in your life except for the workout intensity, then rechecking even up to 4 hours later may be a path to try, in the short run, to see what the drops may be, then discuss any needed adjustments to your protocol with your physician if necessary.",exercise
"I'm a type 1 diabetic and I am trying to incorporate exercise in the morning. However, it seems that my blood sugar spikes when I do this. This morning my blood sugar was 182 when I woke up. I did a 20 min work out video and took a shower. About a half hour later I tested my blood sugar and it was 300. Is there anything I can do to avoid this? I should mention I take lantus before bed and humalog with meals. When I exercise at other times of the day my blood sugar usually goes low.","Blood sugar levels are generally higher in the morning anyway due to the rise of hormones - this is known as the Dawn Phenomena. In the short run, exercise is a stressor and will elevate levels. In most folks, 30-60 minutes after exercise, levels will lower. Often in type 1 diabetes, however, it takes longer for levels to come down post exercise. You should discuss this with your physician to see about a target for the fasting levels pre exercise and how that is to be accomplished with your current protocol. As we know, this is easier said than done.",exercise
When is the best time of day to exercise? I don't want to exercise and have my blood sugar drop.,"The best time to exercise is any time that you can fit it in as opposed to skipping it! It is also important to have enough fuel in your system to cover your activity. There are general guidelines: for a 30 minute brisk walk, it is recommended to have 15 grams of carbs if your blood sugar is under 120. This would mean a small fruit or a yogurt can work well as it has carb and protein. As your exercise time increases, so may your intake needs. The best way to determine your needs and best exercise zone is to test before and after exercising. If you are comfortable soon after your meal, that is a great time as you are well fueled.",exercise
"I plan to do a one-week, 75 mile backpacking trip this summer. As you may know, backpackers often burn 4000 to 6000 calories per day, due to the strenuous nature of the exercise. Presumably, during exercise like this, my body will require much larger than normal amounts of carbs. Is there any guidance you can offer regarding the appropriate increase? What kind of percentage split between carbs, protein and fat would you recommend?","Good for you! Now, no one shoe fits all; gender, height, weight, body fat %, etc. all determine one's needs. Checking your glucose levels will let you know how your food is working for you. Legumes and whole grains like quinoa and wild rice can be part of a good carb loading program. If you are eating unrefined foods on this trip as opposed to quick acting carbs like candy/energy bars, you may find your energy more stable for longer periods. Nut butters work well on such trips. Bananas are a good sustaining fruit. Eggs are a good protein source for those who eat them, especially for the morning start. Since the general guideline is for 45-65% of intake to be from carbs, a 4000 calorie intake would be 450 grams form carbs at 45%. Remember: veggies are carbs. These are your immediate muscle fuel sources. Pack smart, and check as often as you think you need to, and avoid low blood sugar.",exercise
I have been diabetic for 43 years and on the pump for 17 years. I am a bicyclist and train hard for races. I ride five days a week. I do not suspend or lower my basal during training. This year I have scaled back slightly and do two recovery rides a week. I have found that the recovery rides make my blood sugar skyrocket to as high as 411. I have tried eating different things prior to training but nothing makes a difference. What suggestions do you have to keep my BG from raising so quickly and so high?,"With the regimen you have described, I would think you have different basal rates programmed into your pump, being different on the recovery days, reflecting a higher rate. What you eat is, of course, a factor, but your insulin:carb ratio may also need to be increased on those days. Be sure you are not eating refined carbs on your recovery days, aiming for higher fiber sources. Your pump company can also be a good resource if you already haven't tapped them for assistance with this issue.",exercise
"My girlfriend has type I diabetes and is considering training for a full marathon 10 months from now. She is currently about 40 lbs over weight and is not running. I know she needs special advice from her doctor and possibly a nutritionist, but I don't want to set her up for a goal she cannot accomplish.","Jumping right in to run would not be a good thing. The first thing to consider is if her blood sugar levels are in close-to-normal ranges. Hopefully, her physician has given her ranges to target. Exercise for Type 1's needs to be closely monitored, especially when doing longer sessions such as running a marathon. She will also need to be aware that hypoglycemia may actually occur during sleeping hours depending on the duration of the activity and food intake. Good hydration is also a ""must"". I would suggest that if she is serious, she needs to gets some guidelines from her physician. Daily, she should do a minimum of 45 minutes fast walking, gradually increasing, including stretching before and after. If she is cleared as healthy for a marathon by her physician, she needs to be prepared to monitor her glucose carefully before, during, and after exercise. Be sure she has proper footwear, and checks her feet daily.",exercise
"When I exercise my upper body, my blood sugar goes up and when I exercise the lower part, my blood sugar goes down, why is this?","How soon after exercising are you checking your blood sugars? For those not on insulin, I always suggest at least an hour, since exercise will raise your blood sugars initially, then ""settle"" down. If you are more dependent on insulin, blood sugars may be high several hours later. Lower body exercises generally burn more fuel (sugar) due to increased muscle mass. It may just be that on those days your blood sugars are coming down more quickly. Try consistent timing of testing, and see if you don't notice a change.",exercise
"During the entire past 9 months, my thyroid medication has been adjusted a few times and has been very unstable. I also receive shots for B12 deficiency. Do either of these impact glucose levels?","Imbalances in our systems can affect glucose levels. Once your B12 and thyroid levels are stable in a normal range, you may see glucose levels improve. Being active is a real key, especially if your metabolism is on the lower side. These are good questions to ask your physician.",supplements
I am a type 2 diabetic with neuropathy in my feet. I would prefer to treat the problem vs taking drugs to cover up the pain (drugs really haven't done much of anything). Will alpha lipoic acid help?,"Alpha lipoic acid has been shown to positively affect blood sugar levels, as have other nutritional supplements and herbals. The B vitamins, B6 in particular, may be helpful with neuropathy. Capsaicin topical creams may also help with pain. Remember: supplements are only effective if you are taking good care of your baseline health. This means eating more unrefined foods and being as active as you can to keep blood sugar and other levels as close to normal range as possible.",supplements
How will Metamucil help me? It says on bottle for keeping blood glucose stable. How should I use it and how often? I’m nervous about adding it because it’s got 10 carbs per serving.,"A good source of fiber in your daily diet is helpful to control how quickly your food is converted to glucose. This is why refined carbs should be limited and veggies are the better carb source. Metamucil is psyllium-based fiber that forms an intestinal gel that may block initial impact of carb digestion, delaying some of the action to slow an initial spike. If you are eating a more unrefined diet now and are active, keep that up. If your practitioner prescribed this for you, discuss with him/her. As long as you are seeing improvements based on life style changes and good food choices with plenty of fiber in your diet, it is not necessary to add a fiber supplement.",supplements
Do acidophilus supplements help diabetes?,"Yes, taking probiotic or ""friendly"" bacteria such as acidophilus may help your digestive tract improve your metabolism, and in turn, improve blood sugar control. Yeast overgrowth is something you don't want and it can be common when blood sugars run high. Yeast feeds on sugar from high intake of refined foods including fruits in excess. Get guidance with your diet if needed for a good foundation.",supplements
What brand of multivitamin is best for someone with diabetes?,"I cannot advise you on a brand to select, but give you some advice based on my experience. Overall, liquid and powdered vitamins are best, being sure they are preservative free and hypo-allergenic. There is no one vitamin that will magically address diabetes, nor is one vitamin the same for all. Most of the one a day vitamins are large tablets and your body will most likely only absorb a small amount of the contents.",supplements
I am presently taking 6 mg. of cystein which is in a greens formula and I am wondering if taking it is harmful for someone with diabetes?,"Not to worry. Actually, cysteine in the form of NAC is showing promise as a powerful antioxidant for diabetes. That small amount you have is just part of the amino acid blend. Cysteine can be manufactured by the body and is found in abundance in many foods. It plays a big role in the formation of glutathione, a major antioxidant for the body. Enjoy your greens formula!",supplements
Will supplementing with glucosamine raise my daily blood sugar or A1C?  I have had type 2 diabetes for over 6 years and am in good control of my blood sugar levels.,"There have been some reports of glucosamine raising levels, but it is not a given for everyone. The same can be said for other medications and supplements, but one shoe does not fit all. Glucosamine has noted benefits for many who use it. Trying it will let you know if it helps, and your tests will let you know if your numbers are affected. You probably won't see any dramatic change. If you have concerns, check with your physician.",supplements
"Would it be a good thing to ask my dad's doctor to do a Vitamin D Blood Test and then to take Vitamin D tablets to get his immune system up to a healthy level, or should he not take any more tablets than he is doing for his diabetes?","I would suggest you do ask for the D-OH, 25 test and hopefully his physician will recommend supplements as needed. Many of us are testing in the insufficiency range. A therapeutic dose is 50,000 IU's once/week for 1 to 3 months. Most of us will then need a daily dose of at least 1000 IUs. There is mixed opinions in the medical community as to what is the best treatment path but the evidence is growing on the need for vitamin D, especially for diabetes (see Dr. Bradley's article about vitamin D).",supplements
"I am hearing lots of news lately on the benefits of the herb fenugreek (seeds, leaves, extracts) for diabetes. Is this true?","Some studies, primarily in India, have shown that fenugreek can help lower blood sugar. If you are on diabetes medications, you will want to introduce fenugreek slowly and monitor your blood sugar carefully. The goal would be to need less medication. There are no contra-indications nor health risks associated with fenugreek except for use in pregnancy. One can take up to 6 grams/day as internal dose. Most capsules have around 600 mg. Fenugreek can also be made as a tea. Fenugreek seeds are a good source of soluble fiber. When starting any new program, I say it is best to start with a low dose and build up.",supplements
Does glutamine affect the pancreas?,"Glutamine, one of the most abundant amino acids found in the body, is a factor in muscle building and gut health. It is found in beef, chicken, fish, eggs, milk, dairy products, wheat, cabbage, beets, beans, spinach, miso, and parsley. It is not detrimental to the pancreas; it is certainly a positive factor for any organ function. The questions and concerns always arise where one takes supplements to supply this amino acid in greater abundance, hoping for the ""miracle muscle bulk up"". Too much of anything may have an adverse effect. Protein powders are best used with professional guidance, especially when one has a chronic condition such as diabetes.",supplements
Is it alright to take grape seed extract and vitamin B12 if I am also taking Metformin?,"Grape seed and B12 will not interfere with your Metformin. What you should or should or should not take depends on many factors: overall health, other medications, lifestyle, diet, etc. I do advocate nutritional supplementation after one has made necessary baseline adjustments for diet and lifestyle. Certainly a multivitamin in 2 doses and fish oil are very basic suggestions, with buffered vitamin C, vitamin D3, and COQ10 being some other basic supplements that may be indicated, especially around flu seasons. Nutritional supplements should be free of preservatives. It is always wise to seek professional guidance when adding nutritionals.",supplements
My husband has diabetes and has severe arthritis of the knees. Is there any problem for him to use a supplement for his arthritis pain that includes turmeric and boswellia?,"He should be fine with that supplement as both turmeric and boswellia are natural anti-inflammatories. I would suggest you double check with your pharmacist to make sure there are no contraindications with any medications he may be taking. Drinking 2 ounces of Acai berry juice twice a day has been reported by many to help with arthritis without raising blood sugar. You may find this in a health food store. Glucosamine has also provided some relief for many. I suggest experimenting with limiting tomatoes from his diet, especially sauces as they can contribute to arthritic pain. It is important he eat as many vegetables as possible and drink lots of water to keep his system more alkaline than acidic.",supplements
"Coaches and friends are encouraging my 15 year old son with type 1 diabetes to drink whey protein and consume CLA to build muscle strength for football. Wouldn't this be hard on his kidneys? He has spilled small amounts of protein before, but not lately. My son wants to keep up with the other guys. Please respond as I am scared he is fixing to take the CLA without telling me.","CLA (conjugated linoleic acid) is fatty acid which is found primarily in the milk and meat of grass fed animals. Range fed animals contain 10 times the CLA of those that are grain fed. CLA has been shown to be safe and effective for people with diabetes needing to lose body fat, depending on what else is involved with lifestyle, etc.",supplements
Is it safe to take creatine and glutamine supplements for the purpose of muscle gain if I am type 2?,"Before any nutritional supplements are applied, it is first necessary to assess your diet and lifestyle. Appropriate balancing of dietary needs with blood sugar goals should be the first target. Secondly, be realistic about your body type, and what would be a target for gain in muscle size. At low dose levels, this supplement combination may be of benefit without compromising any health status. I suggest you truly fine tune your diet focusing on eating legumes and veggies in a 4:1 ratio to any animal/fish protein - with high omega-3 fish such as salmon being the best choice.",supplements
Will taking cinnamon supplements help lower my blood sugar?,"If you have type 2 diabetes, cinnamon may be beneficial in reducing your blood sugar levels. At Diabetes Action, we have funded some of the important research on cinnamon at the USDA’s Beltsville Human Nutrition Research Center where Dr. Richard Anderson identified the water-soluble extract of cinnamon which was found to be the specific component responsible for improving insulin activity (1,2).",supplements
"Can an alcohol body odor, profuse sweating, constant desire for sweets, and constant thirst be signs of diabetes?","When there is excess sugar circulating in the bloodstream, not getting into the muscles because of insufficiency or malfunctioning of insulin, the body may begin to break down fat at a rapid rate to provide energy to ""hungry"" tissues. This can cause the odor you are referring to. The other symptoms you describe can also indicate high blood sugar. I suggest you see your physician ASAP.",symptoms
How does diabetes affect your thinking process? Under medications such as insulin do diabetics still suffer from attitude swings?,"With or without diabetes, when blood sugars are not in balance, fatigue, dizziness, ""fuzzy"" thinking, mood swings and other symptoms may result. With insulin-requiring diabetes, it can be even more challenging to maintain stable blood sugars, but is very achievable with the right monitoring and support. Having a disease like diabetes does provide greater challenges for stable health and moods, but does not negate the ability to attain and maintain them.",symptoms
I don’t have diabetes so why do I feel dizzy and shaky whenever I am anxious or hungry?,"It sounds like you are experiencing low blood sugar. If you eat mostly carbohydrates, especially refined ones, you may be carb sensitive leading to low blood sugar symptoms after eating. Anxiety releases stress hormones that can cause your blood sugar to quickly rise and then fall. It is important for you to manage your eating patterns to better balance protein, fat and the “right” carbs.",symptoms
"Do I have diabetes with fasting sugar levels only a little on the high side? They have varied from 102 to 110 for the last 10 years. However my sugar level after eating food has always been within the limit, varying from 110 to 130","You are what we term ""pre-diabetic"" with fasting blood sugars between 100 -125. One or two sessions with a nutritionist should get you going in the right direction to help you achieve a goal of being around 90 for a fasting level. And of course, regular exercise and activity are most important. If you haven't done so, get a thorough physical, including an A1C (average measure of 3 months of blood sugars). This will give you some sense of the areas you need to focus on. All is manageable.",symptoms
My 66 year old father has diabetes. He has been getting very dry patches of skin on his back mostly. They turn a little scaly and itch very badly. Is this a typical symptom of diabetes? What do you suggest for relief?,"Eczema can result from diabetes, especially when blood sugar levels have been out of range. He may also be low in essential fats such as those found in fish oil. Inadequate hydration is another factor to consider. I suggest for immediate relief, check with your pharmacist to see if there is a prescription that might help. In the herbal world, lavender can be very beneficial, but the oil would need to be a pure lavender oil. Adding oatmeal or baking soda to a warm bath can help keep the skin moist, a key to quelling the itching. Rubbing aloe vera juice on the skin can also be effective. This is inexpensive and available and in most drug stores and some grocery stores.",symptoms
Why do I get a headache and start to feel nauseous when I eat or drink something sweet?,"It sounds as if you are carb sensitive, meaning the refined, simple carbohydrates such as sweets, are rapidly digested, lifting your blood sugar quickly but then rapidly ""dropping"" you back down. This is especially likely to happen if no other foods are eaten along with the simple carb foods. It would be very wise for you to avoid these foods as much as possible. Have you had your blood sugar tested? Now would be a good time to follow a healthy lifestyle, eating whole, unrefined foods and staying active. Balancing our metabolisms is an ongoing and fine tuning process, challenged by the environment we live in and the daily stresses of life. It is doubly important to nourish ourselves well in order to combat the elements we can't control.",symptoms
I have a 3 year old grandson. Now and then he has a slight shaking if he doesn’t eat right. I am thinking his sugar is low. Would you please tell me what a child's count should be.,"Right now, we have the same glucose ranges for children and adults for a diagnosis of diabetes. 126 or greater is diabetes. 80-90 fasting is a good range. Low blood sugar can range from 60-80 depending on the person and other conditions/medications. If you haven't already done so, check with his pediatrician. If fasting sugars are normal and his symptoms persist, you may want to inquire about a 2 hour glucose tolerance test to see if he is in the correct range post-meal. In general, start him now on healthy foods, limiting sweets and juices. Be sure he has some form of protein at each meal. You may notice improvement.",symptoms
Why do my fingers always feel numb and cold?,"I am assuming that you are asking this question because you have diabetes. Reduced circulation and/or numbing in hands/feet can be a result of fluctuation blood sugars over many years. You should mention this to your physician. Be sure you inspect your feet daily to be sure you do not have any unfelt splinters, etc. Most importantly, do everything you can to keep your blood sugars in a good range.",symptoms
"Is it possible to have diabetes with frequent urination without excessive thirst? I have frequent urination (have to get up 5-7 times during the night, yet only drank 3 glasses of water the entire day and before 7pm). My reading at fasting was 118; reading 2 hours after a meal (spinach salad and chicken) was 207. So it seems like I have some of the classic symptoms. However, I am NEVER thirsty and I actually have to force myself to drink the 2-3 glasses of water that I do drink.","I would hope repeat testing has been suggested, particularly since you are still showing symptoms. 126 fasting, twice, means a diagnosis of diabetes. At 118, yours is a diagnosis of impaired fasting glucose. If you haven't already started, it is most important that you now follow a healthy lifestyle. It may be helpful to get a hemoglobin A1C to get a 3 month blood sugar average. It may be that you are experiencing higher daytime blood sugars. You may also benefit by a visit to an endocrinologists if you are not getting resolutions from your current medical team.",symptoms
Should I be concerned that my 13 year old son has been very tired and had a 145 blood sugar reading? My daughter was diagnosed with type 1 last year when she was 7. I'm not sure if this reading was normal after eating and drinking.,"That is a bit high. Is his tiredness an isolated instance? If you are concerned, you can request his levels be checked. If you have an endocrinologist, inquire about testing that may identify a predisposition to diabetes. Meanwhile, I suggest you actively work on dietary changes with him. Because you have one child who is already diagnosed with diabetes, it is important to have your entire family eating healthfully and leading an active lifestyle. Even when taking insulin, good lifestyle habits are what sustain a higher quality of life.",symptoms
Diabetes runs in my family so I am concerned that I am going to the bathroom much more often. I do drink a good amount of diet colas.,"Lots of diet colas can be irritating since caffeine acts as a diuretic. Are you rapidly losing weight or showing other symptoms of diabetes? Start by stopping the sodas, and see if this doesn't make a difference. If not, I suggest you see your physician. If you have any burning or irritation, it may also be that you have a bladder/kidney infection.",symptoms
Is hair loss is a symptom of diabetes?,"Have you consulted an endocrinologist about this? Your hair loss could be related to a condition called ""alopecia"", involving hormone imbalance. Poor diets can also be a cause, especially when B vitamins are lacking. I suggest you truly look at your lifestyle/eating habits and put forth fine tuning efforts here, and consult for further screenings if the condition persists.",symptoms
"Are the following symptoms of diabetes?: very dry skin on my face, slight hair loss, a very sweet taste in my mouth, weight gain, difficulty losing weight, increased acne, tingling feeling all over, irritability, sometimes nausea, sometimes shaky if I don't eat right away. I've been on the Atkins diet for the last 3 months, and have lost about 20 pounds. I run on a treadmill for about 50 minutes at least 4 or 5 times a week.","By now, if these symptoms are persisting, I trust you have seen your doctor for a check-up/screening. The Atkins diet is not for everyone; a protein emphasis of the right kinds and balance can be beneficial for metabolic control. Some people do better with vegetarian proteins such as beans. Getting Metabolic/Lipid/Thyroid Panels done will let you know where you are in the ranges. From there, you may need to reassess your dietary habits.",symptoms
Is it a sign of diabetes that my 14 month old twin boys have had yeast infections on their bottoms for the past two and a half months? I have tried everything but no relief from the symptoms.,"Definitely discuss this with your physician. Your sons should be given probiotics such as acidophilus whenever taking antibiotics. Yogurt and Kefir are two great foods if they'll eat them. Their diet is also very important: good protein sources and lots of greens, no white/unrefined foods. If you have any integrative medicine practitioners in your area, they would have a better handle on non-pharmacological approaches.",symptoms
Should I be concerned about being diabetic with the following readings: Fasting blood sugar between 80 to 100; 200 one hour after a meal?,"You are showing readings of hyperglycemia. The ideal fasting blood glucose reading is less than 100. The ideal post-meal blood glucose reading is less than 140. 140-200 post meal/random reading is considered pre-diabetes. There is a greater movement among diabetes management practitioners to emphasize the importance of post meal control. This is because blood sugar excursions contribute to higher oxidative stress, which in turn may cause increased tissue damage leading to greater risk of complications. This seems to be more true than chronic sustained high blood sugars, such as only high fasting levels. I suggest you carefully reevaluate your daytime eating, perhaps being more careful of carb intake and type and follow up with your health care practitioner.",symptoms
"Should I be concerned that my glucose level has gone slightly but steadily up over the past year and a half: 99, 104 and today 106 but I have none of the usual diabetes symptoms, have loads of energy, exercise a great deal at recreational sports, and eat wisely? I do have a family history of diabetes.","It sounds like you are on a good path geared towards a healthy lifestyle. You may want to seek professional nutritional counseling to fine tune if you are not already very aware of such issues as the impact of carbohydrates. You are still maintaining a low pre-diabetes status. There are nutritional supplements such as water soluble cinnamon that may also be helpful in keeping your blood sugars down. Be certain too that you stay well hydrated by drinking lots of water. If you maintain these numbers and don't go any higher, you should do well.",symptoms
Why do I have a constant sweet taste in my mouth? I have seen my doctor and had a sugar fasting test and I do not have diabetes though I have been asked to lose weight.,"I suggest you consult an endocrinologist to determine/rule out other possible causes of a metabolic imbalance. You may also want an Oral Glucose Tolerance Test to see if your blood sugars are normal post meal over a 2 hour period. Regardless of these outcomes, be very clear that you are now eating ""properly"". Your thyroid may be a bit compromised so be sure you get 20-30 grams of protein for breakfast.",symptoms
Do I have diabetes if my glucose blood test readings have gone up from 94 to 102 over past 2 years.,"102 is a diagnosis of pre-diabetes. A fasting level anywhere from 100-125 is considered pre-diabetes. Two fasting levels of 126 or greater is a diagnosis of diabetes. If you haven't already made significant lifestyle changes, now is the time to do so to prevent diabetes in the future. Stay dedicated to maintaining a good amount of daily activity and exercise.",symptoms
Do I need to do anything about an A1C score of 7.4? I was taking steroid for pain in my back. I have been checking morning sugar levels and after a month it has not been over 120.,"Your numbers are high on both accounts. I suggest you aggressively tackle your lifestyle habits, focusing on dietary/exercise interventions. Steroids can elevate blood sugars, but for short term doses, there should not be a problem. Work to get your fasting blood sugars under 100, closer to 90. This will in turn lower your A1C to under 6.0. If, after a few months, you are not successful, seek physician intervention. If unclear about diet, etc., seek professional guidance.",symptoms
"I am 39 and was diagnosed with diabetes about a month ago, all my symptoms (thirst, frequent urination, dry mouth etc.) started after having 2 steroid shots for a sore throat and then I was on prednisone for my back. Could I have gotten diabetes from that? My sugar was over 425. Now in the morning is around 103-120. After meals 148-193. How long will it take to get normal.","I wish I could give you a definitive answer, but I can't. Yes, prednisone can be a trigger for diabetes, and with following a healthy lifestyle, diabetes can be resolved to more normal blood sugars. Certainly, you are reporting much better blood sugars, in the pre-diabetes range. I suggest you discuss this with your physician, and if needed, be referred to an endocrinologist for some more definitive answers regarding the endocrine system and what may be manifesting with you. At the least, ask your pharmacist the time frame you can expect to see your course of prednisone finished. If you have a family history of diabetes, the prednisone may very well have been your trigger, particularly if you weren't following a healthy lifestyle. Time will tell; good lifestyle management is a ""must.""",symptoms
How do I make sure to get rid of ketones in my system after an illness?,"Drink at least 8 ounces of water every 30-60 mins, do not exercise, and test for ketones every 3-4 hours to monitor.",complications
Does diabetic neuropathy always impact both legs and feet or can it effect only one limb?,"Since neuropathy is a slowly evolving condition, you may notice it in one area for a time before nerve damage occurs in other areas.",complications
I have severe shooting pain in my feet at night. I am already taking gabapentin. Is there a topical I could use also?,"There are prescription cremes that may help. Any creme with cayenne pepper as an ingredient may help. A deficiency or low levels of B vitamins and vitamin D can also be part of the problem. Taking these supplements as well as fish oil may help, but be sure to check with your physician first. Eating a diet high in vegetables can lower overall inflammation which may help as well. Hopefully, you are making your physician aware of all your pain.",complications
What happens to a person with advanced neuropathy?,"Advanced neuropathy can manifest in different areas of the body: hands, feet, eyes, stomach areas. It usually starts out with subtle changes, such as on/off tingling in the hands and feet, weakened eye sight, maldigestion, weaker bladder, etc. This is all a consequence of years of higher blood sugar levels. Advanced stages mean these symptoms are more severe. If left unchecked, the extreme results are such things as toe/foot/leg amputations, blindness, and kidney failure. If you are approaching this level, it is most important that you do what you can to eat healthfully, stay active, and take the best overall care of yourself that you can.",complications
I have suffered from high blood sugar for several years. Do you think it damaged my nerves?,"I cannot give you a definitive answer on this, but there are tests your physician can do. The hands and feet are generally the first places develop numbness and tingling, the symptoms of neuropathy. If your glucose is in good control and your lifestyle/food are improved, you can arrest damage if it has begun. Good nutrition is critical; this generally requires some supplementation to facilitate repair and maintenance. Antioxidants are especially important.",complications
Could diabetes be causing the bottoms of my feet to itch at night?,"Diabetic neuropathy - damage to the nerve endings - can manifest as itching. I suggest you have your practitioner check for this to determine if you may be losing sensation/feeling in the feet and perhaps other areas. Meanwhile, do everything in your power to keep your blood sugars in good control.",complications
Is my severe overall itchiness related to high blood sugar?,Poor blood flow could cause itching in lower limbs and dry skin. Yeast infections might also be a cause. Fluctuating sugars over time can cause nerve root damage.,complications
Does having diabetes mean that I am at higher risk for developing other medical problems?,"Not necessarily. Much depends on your blood sugar levels, genetics, age, your environment, and how long you have had diabetes. If you are otherwise fairly healthy and focus on leading a healthier lifestyle, you can keep a lid on increasing the chances of complications. As we age, staying healthy may be more challenging with or without diagnosed conditions.",complications
"I have had type 1 diabetes for 35 years. Lately, I have been unable to get warm and feel constantly cold to the core. Is feeling always cold caused by diabetes?","If this persists, please discuss the issue with your physician, especially if you are not having symptoms of some other illness.  Perhaps it is indicative of impeded blood flow, especially to the periphery. If you have long standing diabetes, this may be the manifestations of neuropathy. There are tests to assess possible nerve damage so I suggest you get evaluated to possibly prevent a growing complication.",complications
Am I more prone to infections if I have diabetes?,"When diabetes is not well managed, your general resistance can be lower, making you more susceptible to infections, illnesses, and a longer recovery time. This is one more reason why it is so important to follow as healthy a lifestyle as you possibly can.",complications
What are the early warning signs of a diabetic coma?,"What you need to be attuned to are low blood sugar signs: dizziness, feeling light-headed, sudden fatigue, and sweats. This occurs with different people at different levels. For many who are used to having high blood sugars -- closer to 200 -- much of the time, they may experience these symptoms at levels over 100, especially if attempting to get into a more normal blood sugar range too quickly. As a guide, people without diabetes have a fasting blood sugar under 100, ideally between 80-90. Some people with diabetes who tend to keep their fasting sugars under 126, and never go over 180 daytime, may feel low at 60 or 70, then start to feel very low at 40-50. Under 40 for a blood sugar may bring on a coma. If you are not currently checking your blood sugars, start doing so. Ask your physician what levels your sugars should be before you eat breakfast in the morning. It is also good to check 2 hours after a meal, at least until you have an idea of how high the foods you are eating spike your sugars. And certainly, get some help with planning your meals if you haven’t already. And most importantly, be as active as you can possibly be.",complications
What is DKA? My son has type 1 and his doctor says that this is causing him to vomit and feel nauseous.,"His doctor is referring to diabetic ketoacidodsis, or DKA. This is when ketones ""take over"" to the point where a person can become unconscious and even die if left unchecked. In this state, there is not enough insulin on board to get the glucose into the cells. The body perceives a form of starvation mode, and starts to break down fat at a rapid rate, resulting in the high levels of ketones, a byproduct of rapid fat breakdown. I'm assuming your physician has adjusted his insulin protocol to better cover his sugar levels. It's tough with teenagers as you well know, given the types of foods peers eat. Eating healthfully remains the goal and a challenge.",complications
Why are my feet and legs tingly? Like pins and needles and they hurt. But mostly in the evening and night time. I have a hard time trying to go to sleep.,"I’m assuming you have diabetes, and it does sound like neuropathy could be affecting your feet. I suggest you have your physician check this out, as it may mean the nerve endings are becoming damaged and you have reduced circulation to the feet. You may begin to see a similar sensation in your hands. The key to reversing this, or at least stopping it, is to keep your blood sugars in as close to normal range as possible, and to lead as healthy a lifestyle as you can. You may need some professional guidance with this if you aren’t clear about what constitutes good management and what range you diabetes should be in.",complications
How do I maintain my blood sugar when I cannot eat due to illness?,"During the times when you can't eat, you can replace a meal by substituting about 60 grams of carbohydrates in the form of juice, ice cream, or Jell-O. For a snack, you will need approximately 15 grams of carbohydrate. For some people, this could mean 4 oz. of juice every hour. This will depend on how much you can tolerate at one time. Diluting your juice to 50/50 with water is a good idea for absorption. If you can't tolerate mealtime quantities, ""snack"" as you feel the need. The biggest concern is to stay hydrated.",complications
Is there an alternative treatment to cure neuropathy pain that I'm having every day?,"I wish I had a magic pill for you. I'm going to assume you are eating an alkaline diet; meaning lots of plant based foods and overall, doing what you can to maintain a healthy lifestyle. Supplementing with vitamin B6 can be very helpful, assuming you also have some basic nutritionals in place, such as a multivitamin and fish oil. There are other nutrition supplements that may help, but one would need to know what medications you are on and what other chronic conditions you may have. You may already be using some form of capsacian for topical relief. Acupuncture, massage therapy, and various forms of healing touch may also help. Do some exploring in your area for integrative practitioners who may be able to arrive at a program that is compatible with your current medical management.",complications
"Could a sweetish body odor be related to diabetes? My 74-year-old mother says that her diabetes is under control and she does not smell this odor herself. The problem is that she seems to have a distinctive and, unfortunately for me, disgustingly sweet and cloying body odor.","Ketosis can cause this unappetizing fruity odor. Have you actually seen her numbers to know if she is in good control of her diabetes? In your observation, is she eating reasonable sized meals, not severely restricting her intake? If her sugars are continuously high, her body can produce this odor if the cells are not getting what they need in the way of fuel. Fat then becomes the primary fuel source, breaking down in an unhealthy manner, causing the odor. See if you can persuade her to see an endocrinologist to address this problem.",complications
"Ever since I developed diabetes, I am having problems remembering things. Can diabetes affect a person's memory?","Being well hydrated and eating a diet of unrefined foods is the first step to mental clarity. When glucose levels are elevated, the sugar in the bloodstream requires lots of fluid to leave through the urine. If you are not drinking enough water, then your body cells pay the price by ""donating"" their water. Eating too many carbs, especially refined ones, can make one sleepy and certainly increase glucose levels more quickly. Be sure to start your day with protein - eggs work well for egg eaters - and include in small amounts throughout day. Some baseline supplements like a multivitamin, B-complex and fish oil caps may provide some nutrients you are not getting enough of. There are many more things one can do when working with a nutritionally oriented practitioner, but this is the first place to start.",complications
"Take two people who have their blood sugar within a normal range. One is a type 2 diabetic controlled by diet, meds and exercise - the other does not have diabetes. Is the controlled type 2 diabetic at any greater risk of vision loss, circulation problems, kidney disease, etc than the person without diabetes?","Perhaps. Much depends on how long the person has had diabetes and/or pre-diabetes before being diagnosed, and what other cardiovascular conditions he/she might have. Chronic conditions and disease states are never an isolated diagnosis; there are usually other conditions that need attention to keep the whole ""machine"" running smoothly.",complications
Can high blood sugars cause a rash? I have type 2 diabetes and take 6 - 500g tablets of metformin a day. I have a slightly itchy rash on my thighs.,"High blood sugars can manifest differently in different folks. Eczema and rashes are possible. What I think you may want to question is your medication. It sounds like you are on 3000mg of metformin; 2000mg is generally the upper end before some other medication is introduced if still not in range. If you are consistently elevated and are following a healthy lifestyle/diet, you may want to discuss this with your physician. If you need a second opinion, find a good endocrinologist - a doctor who usually has a sub specialty in diabetes management.",complications
Can diabetes affect my bladder control?,"Yes, this could be a possible symptom of neuropathy. If this is the case, it means your diabetes has been progressing for a long time, probably several years before you were even diagnosed. You may have noticed reduced feelings in your feet and hands, meaning if you get pricked by a thorn or pin, it doesn't hurt you very much. Discuss all this with your physician, who is in the best position to advise you as to the next course of action. It would be to your benefit to lead as healthy a lifestyle as you possibly can, with the goal to keep your blood sugars as close to normal as possible. Your physician can work out these ranges with you if this hasn't already been done.",complications
How can I alleviate erectile dysfunction due to diabetes without the use of drugs or surgery? I am trying to exercise and lose weight as I know this will help.,"Sexual functioning is an issue that is prevalent not just for those with diabetes, and not only for men. There are nutritional supplements that can support the physiological pathways involved in erections, and these are best done under the direction of a practitioner that is versed in complementary medicine. Losing fat mass is certainly a huge step, and should continue to be your target. A high quality multivitamin, 3 grams fish oil, B-complex at lunch, and magnesium capsule at night may be also helpful. In time, with body composition changes, you should see some improvement.",complications
How can diabetes affect the kidneys?,"Diabetes can affect the action and health of the kidneys if not managed well over a longer term. Kidneys have a microvascular network where filtration occurs and nutrients are reabsorbed. The kidneys are a very sophisticated piece of equipment! Often patients with diabetes are put on blood pressure medications just to control the pressure on the kidneys to prevent damage. Those with diabetes should get measured yearly for microalbumin levels if there are currently no diagnosed kidney conditions/disease. If you are spilling protein in your urine, then we know you have already overtaxed this system, and must become most diligent about your diet, focusing on monitoring protein intake to levels not exceeding .8 grams protein for each kilo body weight. More plant protein and less animal protein creates less of a strain on kidney processing. If you are managing your diabetes with a healthy lifestyle and diet, you are much more on the road to being free of any long term complications.",complications
Are my feet and ankles swelling because I have diabetes?,"Fluid build-up can cause swelling in the extremities when circulation has been impaired or weakened if some degree of peripheral neuropathy has started. This is evident with diabetes when it has been long-standing with variable blood sugars. I would suggest you revisit your lifestyle so that your food and activity levels are truly healthy, and bring this to your physician's attention. Drink plenty of water and eat lots of veggies, getting 30-40 grams of fiber per day. Do what you can to help re-balance your system so you are not dependent on a diuretic, which may be prescribed for you in the short run.",complications
Is there any risk to having type 2 diabetes while being pregnant?,"With pregnancy, the focus is to keep the mother in a bit tighter control, and this has to be done w/insulin, as oral medications would cross the placenta into the fetus. The risk to the unborn child would arise as a result of uncontrolled high blood sugars. When you already have diabetes - as opposed to gestational diabetes diagnosed at 28 weeks - you may be put on a more controlled diet pattern from the beginning, meaning morning carbs are monitored more closely, with the morning often smaller intake, especially in the last trimester. This often depends on your blood sugar levels and the goals set. As the fetus develops, 25-28 weeks, the goals may be as “tight” as 110 mg/dl 1 hr post meal, or 120 2hr post meal, and around 90 fasting every am. In my experience, women become very motivated to be disciplined, follow patterns that control carbs, and accept insulin as the assist to be changed as needed to stay in range. Your physician should give you clear guidelines for management. There’s much published literature as well on diabetes and pregnancy. There are many healthy, normal weight babies born to mothers with diabetes. It is not a given that your child will develop diabetes; it is most important you instill good lifestyle habits from the beginning.",complications
Is it possible that diabetes can make someone smell like they have been drinking alcohol?,"When people are ketotic, they can smell like alcohol. This means fat is breaking down at an undesirable rate to supply fuel for the body. This is more often seen in people with very elevated blood sugars. There could be other digestive malfunctions going on.",complications
How does protein get into the urine?,"Protein in the urine is a result of kidney malfunctioning, and can cause the pressure of blood vessels in the kidneys to rise. In the earlier stages, eating smaller servings of high protein foods and generally eating whole and unrefined foods can greatly help to get things under control. I'm assuming your physician is working on this with you? It is certainly time for you now, if you haven't already done so, to follow as healthful a lifestyle as you possibly can.",complications
Can low blood sugar be causing my mother to have hallucinations? Once she gets her sugar stabilized the hallucinations decrease rapidly.,"Yes, if her blood sugars are very low, hallucinations are possible. Is she on medication for diabetes? If so, it needs to be lowered/adjusted! Get assistance with both this and her food intake by seeing a specialist such as an endocrinologist soon. Don't invite other potential health risks from low blood sugar.",complications
"When I eat or drink something sweet, why do I get a headache and start to feel nauseous?","It sounds as if you are carbohydrate sensitive, meaning the refined, simple carbohydrates such as sweets, are rapidly digested, lifting your blood sugar quickly but then rapidly ""dropping"" you back down. This is especially likely to happen if no other foods are eaten along with the simple carb foods. It would be very wise for you to avoid these foods as much as possible. Have you had your blood sugar tested? Now would be a good time to follow a healthy lifestyle, eating whole, unrefined foods and staying active. Balancing our metabolisms is an ongoing and fine tuning process, challenged by the environment we live in and the daily stresses of life. It is doubly important to nourish ourselves well in order to combat the elements we can't control.",complications
What would you suggest for a type 2 diabetic with shingles?,"I am not familiar with all the medications used for shingles and their impact on blood sugar. This would certainly be a time to eat as healthfully as possible, and take some nutritional supplements - even a potent multivitamin regimen. Fortifying your immune system will speed healing. Lots of veggies, fish, and legumes as food focuses are helpful. Your blood sugars may be elevated now due to the stress of the condition. Stay well hydrated. If you can tolerate dairy, try some Kefir - a milk with live cultures that is a good immune booster for the GI tract. Aloe Vera juice, found in many stores, can help soothe the GI tract if you are experiencing any signs of maldigestion.",complications
My husband with type 1 diabetes suffers from severe nerve twitching at night in both arms and legs. It seems as if he is being shocked repeatedly. Is there any relief for this condition?,"It sounds like neuropathy, and I would hope by now you are in touch with his physician on this. The first step is getting the blood sugars in the best control he can. I would suspect this is not the case. Eating nutrient dense foods, being active, and receiving guidance on appropriate supplementation with vitamins/minerals are all part of the corrective path. B vitamins in particular may help once other lifestyle changes are taking place. There are tests that can be done to assess nerve damage. The most important consideration is that your husband wants to get better and is willing to do what is necessary to get there.",complications
"I seem to suffer many complications of diabetes including bouts of neuropathy, gum and tooth problems, and frequent yeast related problems. How likely is it that these problems are actually early complications of diabetes? For several years now I have been told I'm pre-diabetic and have been doing everything I can to prevent becoming a diabetic.","Yes, these conditions certainly can be related to diabetic complications after years of elevated blood sugars. I strongly urge you to see an endocrinologist, who may then refer you to other specialists as needed. It is from the largest and most comprehensive nationwide study (The Diabetes Control and Complications Trial or DCCT) that we learned of the impact of pre-diabetes on the progression of complications. This is why the criteria for pre-diabetes diagnosis is now at 100-125 for fasting blood sugars.",complications
How common is blindness caused by diabetes? My eye sight has always been a perfect 20/20 however my vision is now blurry and my blood levels go up and down like a yo-yo.,"Frequent high blood sugars can cause immediate blurriness, but that does not necessarily indicate permanent damage. If you maintain a pattern of high blood sugars for many years, damage to the eyes can set in. This is known as retinopathy. Get all the assistance you can now to maintain stable blood sugar control, taking charge of your eating and being as active as you can be. A healthy lifestyle is the first best defense for keeping away complications such as retinopathy.",complications
"I have had really severe neuropathy for several years, and no other test results (like MRI's) show any problems.","I would consult an endocrinologist, especially if you already have undefined neuropathy. More emphasis is now being placed on 2 hour blood sugar levels than on fasting levels. Severe neuropathy reflects years of hyperglycemia, and would generally manifest first as peripheral neuropathy. ""Severe"" implies that you already have loss of sensation, compromised sight, etc. If this describes you, and you have not been referred to specialists before now, referral is long overdue. Have you been taking any nutritional supplements, or working a practitioner who understands this application? B vitamins and magnesium are compromised with neuropathy, and should be taken together with a nutrient dense diet. All diabetic diets are not equal in terms of balance and nutrient quality. Choose your practitioners now carefully; seek second opinions as necessary.",complications
Why do I get panic attack symptoms when my blood sugar falls below 90?,Blood sugar fluctuations can cause panic attack-like symptoms. What you need assistance with right now is thorough nutritional counseling to get a good foundation for blood sugar stability. This would be preferable from a nutritionist who also understands appropriate vitamin/mineral supplementation and other integrative therapies.,complications
"Someone I know died of a ""diabetic heart attack"" very suddenly a few weeks ago. Can you explain to me what this means?","He died of a heart attack and had diabetes. Diabetes is a cardiovascular disease but it is not a “given” that everyone with diabetes will die of a heart attack. When the cause of death with diabetes is due to complications, this often translates into a cardiac event such as “heart attack”. When blood sugars remain high over many years, damage can occur to the nerves and blood vessels, causing constriction among other things. Reduced blood flow may then be the results, the setup for a number of possible events. People with diabetes need to be diligent about good lifestyle habits, as we all should.",complications
"My brother has said his feet hurt, both of his big toes are turning black, and one of the toenails has already came off. Is this happening because he has diabetes?","Encourage him to see his physician ASAP! He could very well be at the point of amputation, and if he is not attempting to manage his diabetes, this blackening of the toes — which is most likely dying tissue — could begin a path up his feet and legs over time. Don’t delay!",complications
My wife recently suffered from nerve damage in her arms and legs because of type 1 diabetes. What is the best way help her through the pain?,"There are capsaicin creams that sometimes help. Of course, I am assuming she is truly focusing on a whole foods eating plan and trying to keep her blood sugars in a reasonable range. B vitamins are very helpful here as are other nutritional supplements. I would also suggest if you are open to it, and have access in your area, to seek out acupuncture. Depending on the degree of her nerve damage, this may be helpful, as can regular therapeutic massage. Have her be as active as she can manage; swimming/water walking are good forms of exercise.",complications
